id,class
920,A
5998,A
11457,A
2898,A
3141,A
11002,A
1988,A
509,A
9103,A
5346,A
5260,A
12323,A
6225,A
3827,A
8627,A
10025,A
7968,A
2109,A
3241,A
9949,A
9676,A
10857,A
6298,A
8006,A
3351,A
1780,A
7971,A
12036,A
1511,A
8790,A
13124,A
3988,A
4580,A
1159,A
6499,A
6527,A
9954,A
3231,A
788,A
10507,A
2040,A
9185,A
949,A
3768,A
8032,A
4347,A
12300,A
9687,A
12389,A
2067,A
5495,A
9843,A
5723,A
13341,A
8224,A
12235,A
12449,A
7985,A
1746,A
11329,A
5061,A
7753,A
10563,A
1483,A
6209,A
3653,A
11560,A
6422,A
6970,A
9535,A
2188,A
6105,A
6082,A
7511,A
8774,A
4963,A
4586,A
4153,A
7302,A
3104,A
5388,A
4565,A
5930,A
12142,A
6376,A
2465,A
1539,A
3336,A
9458,A
4286,A
7311,A
1701,A
9317,A
3031,A
990,A
8596,A
3885,A
4342,A
715,A
2365,A
11983,A
1940,A
10137,A
5759,A
2149,A
3748,A
8636,A
4911,A
11455,A
5081,A
6990,A
6566,A
7641,A
12794,A
11059,A
7336,A
8714,A
9775,A
10197,A
9602,A
16,A
11250,A
7851,A
7350,A
8345,A
267,A
12214,A
13318,A
4323,A
12392,A
3727,A
12636,A
4238,A
9907,A
9252,A
10353,A
13359,A
7647,A
2892,A
13179,A
5951,A
5756,A
3648,A
10522,A
10671,A
7202,A
11467,A
9129,A
5892,A
2728,A
7912,A
3145,A
12846,A
1592,A
9595,A
7246,A
10105,A
1285,A
9892,A
4424,A
3526,A
2047,A
10482,A
10013,A
1800,A
10142,A
10897,A
5147,A
4710,A
4639,A
10918,A
9010,A
6081,A
8493,A
1275,A
4673,A
1034,A
13218,A
8976,A
9211,A
9897,A
6916,A
3806,A
8728,A
2570,A
10542,A
7646,A
9993,A
247,A
4740,A
10286,A
4514,A
9112,A
12638,A
12751,A
8080,A
2614,A
11133,A
11154,A
3939,A
1363,A
507,A
8108,A
6857,A
7983,A
3486,A
4598,A
7783,A
9552,A
10281,A
4125,A
7235,A
7143,A
1474,A
8503,A
8959,A
554,A
6699,A
13224,A
11343,A
203,A
6791,A
6308,A
4685,A
11609,A
4368,A
10466,A
12942,A
1772,A
9756,A
5359,A
4633,A
12011,A
9275,A
10644,A
8998,A
421,A
2001,A
13054,A
10995,A
10359,A
1383,A
8440,A
6513,A
1618,A
7954,A
10191,A
2059,A
5969,A
13306,A
7014,A
8891,A
6364,A
4435,A
1352,A
7062,A
4785,A
11164,A
4806,A
4135,A
411,A
2010,A
10525,A
10931,A
12578,A
7676,A
4213,A
7342,A
5903,A
10239,A
11408,A
13240,A
10408,A
1993,A
6131,A
12776,A
3357,A
9331,A
274,A
6490,A
566,A
9725,A
4664,A
5248,A
3180,A
387,A
6937,A
3303,A
1637,A
8356,A
5578,A
5795,A
7776,A
11316,A
10893,A
4579,A
7858,A
2321,A
10048,A
6219,A
9277,A
12604,A
2833,A
2806,A
6116,A
7719,A
6555,A
832,A
2527,A
5856,A
3133,A
13116,A
3714,A
7434,A
3126,A
8511,A
8972,A
1606,A
8457,A
12581,A
7159,A
1147,A
5229,A
11108,A
3532,A
131,A
10449,A
13140,A
8618,A
6582,A
4829,A
3852,A
8362,A
5205,A
3437,A
7128,A
8699,A
10549,A
10369,A
4398,A
11132,A
11501,A
1914,A
9164,A
11328,A
3911,A
11848,A
12820,A
12477,A
10459,A
2456,A
5146,A
4791,A
840,A
5979,A
4746,A
8237,A
489,A
1293,A
2123,A
2028,A
11426,A
7465,A
7988,A
8337,A
3189,A
10781,A
3844,A
5607,A
5615,A
1522,A
7071,A
10418,A
12184,A
3512,A
5861,A
3795,A
2402,A
9550,A
7512,A
2375,A
6347,A
1664,A
5458,A
2305,A
1997,A
11854,A
1105,A
5760,A
11198,A
932,A
2654,A
3300,A
12333,A
6098,A
4310,A
7515,A
12165,A
3330,A
2043,A
9349,A
9651,A
8316,A
816,A
2859,A
550,A
1598,A
6401,A
3948,A
11710,A
4644,A
13102,A
5104,A
1858,A
7594,A
1072,A
9460,A
4962,A
3066,A
12509,A
590,A
8194,A
12252,A
11168,A
11404,A
10262,A
13180,A
2488,A
7941,A
4724,A
7894,A
8276,A
7734,A
9409,A
12788,A
3185,A
4061,A
5780,A
3789,A
7667,A
8530,A
6964,A
1546,A
4525,A
9121,A
7182,A
572,A
9225,A
13315,A
8954,A
4786,A
11304,A
11925,A
11380,A
7341,A
2395,A
13201,A
1924,A
7142,A
12196,A
7080,A
7044,A
9175,A
9729,A
5000,A
6151,A
6351,A
7414,A
8700,A
11204,A
7428,A
9097,A
2245,A
11657,A
10446,A
9608,A
13237,A
2280,A
92,A
2267,A
8162,A
6299,A
6701,A
12161,A
6808,A
1776,A
3637,A
9574,A
4357,A
2094,A
7117,A
693,A
1719,A
12275,A
9787,A
3559,A
5586,A
781,A
622,A
4444,A
10061,A
3171,A
7808,A
6928,A
6868,A
5679,A
11165,A
12735,A
4185,A
7721,A
9622,A
3297,A
2882,A
874,A
12064,A
11141,A
9893,A
3480,A
7786,A
8828,A
11618,A
11996,A
5456,A
5596,A
4166,A
5668,A
13241,A
3212,A
4775,A
4675,A
2098,A
4136,A
8595,A
1864,A
6858,A
6519,A
2710,A
7645,A
11257,A
135,A
9405,A
8412,A
7741,A
3390,A
8429,A
6297,A
895,A
8200,A
3859,A
1548,A
9239,A
12340,A
7680,A
6735,A
5445,A
7909,A
9078,A
8842,A
3179,A
4292,A
7598,A
5655,A
9456,A
12000,A
8548,A
4616,A
6672,A
10112,A
10692,A
6557,A
9572,A
8492,A
5344,A
7883,A
11787,A
1300,A
8468,A
6159,A
151,A
1545,A
12248,A
12053,A
6477,A
1238,A
4221,A
5522,A
3285,A
5429,A
7609,A
9270,A
7237,A
10342,A
5676,A
2762,A
5530,A
6404,A
13391,A
390,A
9016,A
7877,A
4108,A
10577,A
8642,A
7185,A
6674,A
13046,A
6533,A
1561,A
8261,A
6421,A
10303,A
7839,A
6194,A
3686,A
11066,A
11291,A
2364,A
7190,A
4341,A
5351,A
12973,A
2406,A
191,A
73,A
13187,A
8282,A
9448,A
11699,A
11895,A
5016,A
10590,A
3444,A
7278,A
5783,A
4214,A
3191,A
8909,A
9210,A
888,A
6446,A
3947,A
9132,A
10836,A
3921,A
2550,A
7660,A
2378,A
2114,A
13231,A
10377,A
11319,A
5228,A
4835,A
5433,A
45,A
3680,A
3590,A
3557,A
5772,A
4378,A
9823,A
2987,A
3759,A
2202,A
9247,A
7692,A
3895,A
721,A
10265,A
11379,A
11635,A
13236,A
5639,A
214,A
11562,A
10500,A
4207,A
8738,A
700,A
11824,A
810,A
5958,A
8732,A
6971,A
11375,A
12633,A
11348,A
7125,A
1583,A
12488,A
2834,A
9682,A
3502,A
82,A
6608,A
7648,A
7346,A
8917,A
1926,A
6854,A
5881,A
12929,A
2581,A
8603,A
12019,A
5044,A
11485,A
1974,A
10911,A
4050,A
848,A
8733,A
7276,A
3703,A
1451,A
2437,A
9665,A
6130,A
6006,A
1441,A
7879,A
4489,A
9204,A
7212,A
2146,A
5547,A
6227,A
6059,A
5855,A
8960,A
9809,A
1698,A
7655,A
4121,A
8268,A
1969,A
2729,A
13136,A
11093,A
10389,A
8115,A
1667,A
8780,A
12886,A
10723,A
3135,A
9171,A
2239,A
5696,A
2353,A
2197,A
8584,A
10325,A
589,A
6472,A
6466,A
2409,A
2034,A
9214,A
6346,A
6478,A
9006,A
13368,A
6886,A
11973,A
8761,A
8580,A
7269,A
2423,A
10218,A
12209,A
6709,A
8318,A
13271,A
2398,A
11529,A
3875,A
8669,A
3773,A
8386,A
4638,A
2108,A
1045,A
11099,A
10599,A
1715,A
12282,A
1184,A
794,A
3511,A
1460,A
10755,A
4885,A
5048,A
7501,A
122,A
39,A
4084,A
1729,A
12933,A
6279,A
6976,A
2696,A
11586,A
13258,A
173,A
213,A
1747,A
8249,A
662,A
9790,A
1372,A
11828,A
4064,A
4160,A
12368,A
7867,A
4044,A
4344,A
9953,A
353,A
7771,A
7878,A
6598,A
4066,A
4894,A
9517,A
2383,A
7576,A
3926,A
6746,A
10341,A
3033,A
10082,A
704,A
12271,A
3169,A
12654,A
10520,A
3553,A
940,A
626,A
858,A
6333,A
1332,A
7164,A
7168,A
2481,A
12791,A
12895,A
1690,A
6863,A
5993,A
1726,A
661,A
8989,A
13206,A
12056,A
8474,A
9837,A
11605,A
11158,A
9819,A
8428,A
5024,A
10852,A
2528,A
9555,A
9506,A
6660,A
7516,A
2922,A
4924,A
9757,A
10476,A
11597,A
10849,A
1058,A
11812,A
859,A
8037,A
10526,A
2250,A
6280,A
2255,A
12226,A
7024,A
162,A
8234,A
12874,A
12174,A
185,A
12536,A
10313,A
5754,A
9369,A
8447,A
6848,A
9258,A
2017,A
13291,A
10370,A
8114,A
9372,A
6306,A
5742,A
4140,A
6932,A
7437,A
10095,A
6611,A
8081,A
8851,A
1919,A
12322,A
10728,A
10972,A
6498,A
13127,A
10762,A
11994,A
7048,A
2812,A
12864,A
5235,A
12710,A
6452,A
4343,A
9338,A
12594,A
2645,A
12615,A
7861,A
6799,A
3940,A
6323,A
12807,A
525,A
2999,A
10940,A
11515,A
11532,A
4893,A
10169,A
7055,A
10806,A
6140,A
6486,A
12525,A
3086,A
3689,A
11102,A
2744,A
13111,A
7069,A
4138,A
3728,A
5718,A
10695,A
5521,A
9817,A
13269,A
1161,A
1283,A
3124,A
136,A
1192,A
12079,A
1106,A
8334,A
6261,A
9140,A
4002,A
3483,A
4504,A
10579,A
10196,A
8181,A
5896,A
4479,A
6833,A
3508,A
6190,A
5322,A
5452,A
706,A
10464,A
10356,A
12054,A
4382,A
5087,A
1880,A
264,A
13169,A
8404,A
12546,A
6722,A
5949,A
12076,A
7561,A
4866,A
11890,A
13290,A
6174,A
7685,A
9120,A
9579,A
3356,A
3103,A
2603,A
6276,A
10633,A
9974,A
7176,A
106,A
2900,A
10870,A
3080,A
7135,A
5393,A
1141,A
9770,A
3214,A
8704,A
8590,A
5309,A
6285,A
1733,A
5774,A
11144,A
10120,A
9557,A
7133,A
6592,A
8049,A
2919,A
4340,A
10635,A
8230,A
1354,A
6253,A
12417,A
200,A
6716,A
6979,A
1615,A
466,A
4373,A
7282,A
3572,A
6205,A
8172,A
9110,A
4617,A
5544,A
12227,A
84,A
8171,A
3298,A
6060,A
10584,A
10492,A
5508,A
2213,A
1912,A
6389,A
8343,A
3995,A
4880,A
12357,A
11047,A
6433,A
11231,A
13355,A
153,A
2585,A
13064,A
11155,A
9019,A
7996,A
11089,A
5917,A
8888,A
5063,A
6413,A
5626,A
8211,A
1158,A
593,A
3982,A
3281,A
11423,A
7158,A
8213,A
8860,A
666,A
2761,A
10407,A
9680,A
10398,A
5821,A
4858,A
5674,A
10824,A
5060,A
1909,A
2822,A
2549,A
7860,A
11387,A
8143,A
1308,A
1918,A
517,A
1375,A
8904,A
11639,A
12211,A
2393,A
12739,A
13297,A
8620,A
12394,A
9544,A
3382,A
3122,A
13099,A
2190,A
9752,A
13273,A
2618,A
8144,A
6268,A
2655,A
2264,A
13349,A
1848,A
7933,A
9539,A
5876,A
1110,A
5804,A
12353,A
3243,A
8254,A
9243,A
1025,A
13362,A
4110,A
9083,A
11443,A
11579,A
11470,A
10942,A
6591,A
10592,A
7233,A
12684,A
625,A
13076,A
2,A
8622,A
9118,A
3260,A
3984,A
2513,A
11072,A
10026,A
10949,A
10078,A
5337,A
10056,A
11916,A
12041,A
12519,A
12553,A
1015,A
3657,A
8484,A
11972,A
12542,A
4876,A
6999,A
13094,A
1219,A
3105,A
376,A
9261,A
3059,A
12862,A
6014,A
9942,A
6017,A
8023,A
4938,A
8794,A
6358,A
2546,A
10782,A
8599,A
3347,A
4742,A
12245,A
3808,A
6260,A
11505,A
6307,A
8937,A
11428,A
9365,A
13078,A
10527,A
3906,A
272,A
1156,A
8581,A
4145,A
4656,A
6429,A
3636,A
1239,A
8365,A
11644,A
3509,A
4520,A
1982,A
2700,A
4173,A
4753,A
13086,A
6650,A
6635,A
5699,A
845,A
6468,A
38,A
1281,A
8870,A
7946,A
12024,A
4581,A
9986,A
12894,A
8401,A
2268,A
7118,A
6951,A
1609,A
1749,A
5324,A
12474,A
2721,A
5323,A
10007,A
8549,A
356,A
3107,A
5753,A
4467,A
4545,A
5536,A
6922,A
2912,A
2642,A
11100,A
6641,A
1148,A
11090,A
12091,A
6192,A
375,A
9783,A
3682,A
5757,A
11369,A
11697,A
175,A
166,A
11504,A
11795,A
6197,A
4170,A
1202,A
3246,A
11616,A
11206,A
13211,A
3068,A
1759,A
12100,A
96,A
5292,A
2162,A
4329,A
1782,A
180,A
807,A
3564,A
7057,A
785,A
2776,A
10474,A
12785,A
12244,A
7951,A
2025,A
1467,A
9600,A
9393,A
383,A
5769,A
2675,A
9320,A
3801,A
3752,A
8987,A
8449,A
3758,A
12220,A
6356,A
9430,A
7146,A
5535,A
9810,A
6643,A
2850,A
13004,A
7663,A
8320,A
767,A
10516,A
5641,A
13335,A
4062,A
11064,A
5830,A
5402,A
11631,A
6606,A
8399,A
11626,A
13321,A
13114,A
5828,A
3933,A
1535,A
3251,A
2955,A
11086,A
2997,A
4629,A
12618,A
7508,A
12619,A
1338,A
2293,A
4564,A
11252,A
12418,A
3035,A
562,A
6523,A
12208,A
4142,A
2807,A
1567,A
5792,A
8777,A
8623,A
739,A
658,A
8756,A
12116,A
9785,A
4583,A
5560,A
1807,A
7406,A
2617,A
935,A
10360,A
9342,A
5311,A
7121,A
7493,A
5493,A
8881,A
6839,A
9227,A
2468,A
9904,A
4935,A
4369,A
4141,A
4547,A
12725,A
4527,A
533,A
11596,A
1954,A
10727,A
4423,A
9383,A
1850,A
12662,A
1456,A
5593,A
11190,A
12518,A
2394,A
12177,A
5068,A
1778,A
11941,A
5541,A
5464,A
3998,A
6349,A
283,A
7625,A
6786,A
5360,A
7597,A
12651,A
2411,A
11203,A
9251,A
1962,A
635,A
9266,A
9354,A
11684,A
502,A
10432,A
3024,A
8285,A
12532,A
9206,A
5529,A
11118,A
6765,A
5744,A
11949,A
9888,A
6624,A
3864,A
2472,A
12223,A
8340,A
11951,A
11685,A
3391,A
9854,A
11919,A
6049,A
2691,A
12425,A
3278,A
3440,A
3123,A
1892,A
3150,A
10614,A
640,A
3946,A
7696,A
2068,A
677,A
7591,A
11993,A
8284,A
10194,A
2224,A
599,A
12547,A
4392,A
7064,A
12401,A
6102,A
1001,A
4414,A
12103,A
9816,A
12107,A
11859,A
10926,A
5870,A
6668,A
10401,A
12132,A
4134,A
312,A
3329,A
10792,A
13128,A
1240,A
2589,A
10717,A
13175,A
9293,A
6874,A
4793,A
12126,A
8454,A
7863,A
950,A
1587,A
4988,A
1303,A
6199,A
6023,A
1806,A
11622,A
2474,A
3730,A
7661,A
5836,A
6002,A
2189,A
10750,A
7767,A
3117,A
606,A
7261,A
13249,A
2377,A
9273,A
1945,A
12097,A
6645,A
3099,A
2144,A
229,A
2894,A
1479,A
12016,A
789,A
6658,A
10305,A
12485,A
7480,A
11049,A
3387,A
7657,A
11170,A
11236,A
2605,A
6166,A
8116,A
2594,A
12699,A
3878,A
8400,A
9702,A
5321,A
8190,A
3012,A
2232,A
10183,A
10910,A
12570,A
11310,A
11001,A
11220,A
10700,A
5478,A
2897,A
689,A
7026,A
8628,A
1669,A
5893,A
4790,A
9125,A
10519,A
10652,A
8064,A
933,A
11051,A
2242,A
9990,A
6683,A
3994,A
7183,A
6734,A
123,A
3959,A
10892,A
12948,A
4875,A
11136,A
9884,A
5617,A
2154,A
13220,A
5418,A
7028,A
2071,A
9160,A
1042,A
1687,A
5591,A
3708,A
5873,A
3473,A
817,A
7265,A
7344,A
4659,A
9366,A
8826,A
2185,A
8839,A
10729,A
6628,A
3533,A
6444,A
1222,A
103,A
11884,A
13344,A
12957,A
12799,A
8388,A
7577,A
9230,A
9744,A
1871,A
9719,A
4235,A
9567,A
7145,A
5784,A
6936,A
8293,A
4986,A
7266,A
783,A
9638,A
5208,A
4912,A
1301,A
5173,A
3441,A
2838,A
3306,A
6050,A
11323,A
6828,A
6789,A
9244,A
11433,A
2508,A
2574,A
6110,A
12249,A
3913,A
3898,A
5787,A
504,A
563,A
8446,A
11430,A
8227,A
10472,A
3474,A
4883,A
3439,A
9519,A
10086,A
2660,A
12902,A
3378,A
8908,A
6671,A
3407,A
3129,A
12572,A
10296,A
5410,A
303,A
7866,A
11539,A
8099,A
3177,A
4846,A
5503,A
13013,A
2302,A
9166,A
1996,A
10274,A
10319,A
7536,A
7752,A
9695,A
3621,A
10212,A
5336,A
8253,A
4558,A
10884,A
11638,A
6217,A
1600,A
7035,A
10053,A
6865,A
12767,A
2054,A
119,A
13300,A
1190,A
5589,A
11906,A
4925,A
10637,A
4789,A
10845,A
1501,A
7444,A
12376,A
8034,A
12762,A
12217,A
7195,A
12945,A
3461,A
7716,A
93,A
4420,A
1835,A
1302,A
2960,A
7409,A
10947,A
3240,A
5396,A
8390,A
5450,A
5089,A
9560,A
7792,A
1461,A
3577,A
5838,A
6016,A
231,A
1718,A
6222,A
8994,A
5880,A
6581,A
1382,A
6064,A
7427,A
3034,A
5782,A
6262,A
13351,A
4298,A
1014,A
12007,A
4393,A
6900,A
1104,A
314,A
400,A
13153,A
8659,A
6801,A
5135,A
8094,A
1206,A
11989,A
8978,A
5883,A
7090,A
5407,A
9404,A
4643,A
1677,A
2440,A
4385,A
8021,A
291,A
6962,A
7236,A
2340,A
1368,A
7724,A
6290,A
5174,A
6779,A
181,A
1328,A
8286,A
2469,A
2081,A
5448,A
13256,A
2616,A
7616,A
5599,A
9436,A
9906,A
11027,A
8514,A
4855,A
3610,A
6496,A
4862,A
8241,A
1819,A
6463,A
10834,A
1678,A
2455,A
13267,A
8920,A
8707,A
9895,A
631,A
12842,A
8110,A
9721,A
2857,A
6430,A
9869,A
6558,A
212,A
7251,A
3670,A
5497,A
1992,A
7323,A
7604,A
9601,A
9271,A
12470,A
8039,A
9568,A
3788,A
11193,A
3223,A
8179,A
8827,A
3780,A
12692,A
10861,A
11623,A
11435,A
1682,A
9667,A
7132,A
10829,A
11546,A
13242,A
3503,A
1972,A
3334,A
12225,A
10146,A
275,A
12090,A
4178,A
4612,A
4454,A
8626,A
8515,A
7967,A
4157,A
3067,A
6339,A
7976,A
5291,A
6855,A
1622,A
9199,A
5902,A
6202,A
13233,A
11536,A
8644,A
11507,A
13047,A
11860,A
5670,A
4302,A
701,A
6585,A
8901,A
3720,A
3876,A
2122,A
12817,A
12293,A
9093,A
9718,A
1847,A
10617,A
1057,A
5265,A
2608,A
12940,A
4225,A
6311,A
725,A
5570,A
10713,A
12001,A
10279,A
2961,A
4280,A
7231,A
2196,A
4578,A
13181,A
5362,A
9961,A
297,A
8813,A
11911,A
6178,A
5389,A
3082,A
11192,A
11923,A
10035,A
8409,A
8966,A
6812,A
12847,A
51,A
13322,A
3762,A
8553,A
6516,A
4531,A
12597,A
10075,A
1502,A
8840,A
9889,A
4041,A
13080,A
11727,A
5162,A
11858,A
5972,A
3038,A
5598,A
12696,A
9966,A
12849,A
5040,A
11410,A
10032,A
3910,A
1837,A
12334,A
2120,A
1353,A
11696,A
2100,A
8672,A
11034,A
7844,A
4828,A
4704,A
7826,A
5707,A
620,A
6685,A
10742,A
6066,A
354,A
12554,A
4687,A
12882,A
2739,A
6666,A
3672,A
11390,A
2369,A
6531,A
3638,A
3839,A
2976,A
4683,A
736,A
2176,A
8706,A
11107,A
3715,A
18,A
2868,A
1379,A
8246,A
4240,A
12508,A
10606,A
10020,A
10869,A
9138,A
10694,A
3775,A
8185,A
7974,A
3069,A
13223,A
9431,A
5524,A
442,A
11558,A
6994,A
11218,A
9534,A
12562,A
7818,A
6278,A
1630,A
1414,A
11964,A
11569,A
11709,A
12005,A
1944,A
5200,A
5350,A
1241,A
9186,A
10009,A
6738,A
3161,A
7187,A
2171,A
1211,A
11127,A
5031,A
5745,A
11151,A
2733,A
2933,A
11166,A
13021,A
6248,A
5103,A
12428,A
2512,A
1032,A
3380,A
12760,A
2846,A
849,A
4760,A
578,A
1976,A
5397,A
2136,A
10104,A
4446,A
12697,A
2244,A
4399,A
11389,A
5155,A
12037,A
5970,A
1260,A
4005,A
13134,A
13024,A
9421,A
10688,A
9165,A
12858,A
7338,A
6010,A
5631,A
11361,A
7462,A
9647,A
1898,A
5904,A
7704,A
1922,A
6810,A
4327,A
10503,A
2471,A
12608,A
10098,A
896,A
3578,A
6257,A
8753,A
12527,A
10005,A
13149,A
11995,A
2259,A
4779,A
11856,A
8816,A
11398,A
1547,A
6362,A
10531,A
12907,A
13176,A
4698,A
11914,A
10021,A
13204,A
9728,A
6571,A
12743,A
6609,A
3092,A
966,A
8912,A
3824,A
11112,A
1506,A
9681,A
2819,A
1602,A
5239,A
9044,A
5671,A
6510,A
2292,A
8750,A
3494,A
7343,A
3314,A
12510,A
4949,A
1011,A
5383,A
12481,A
1435,A
6752,A
10481,A
410,A
607,A
12089,A
11520,A
6507,A
8793,A
7477,A
12123,A
10939,A
11109,A
4122,A
1129,A
12716,A
456,A
11429,A
6117,A
13196,A
6101,A
3695,A
4058,A
7009,A
273,A
1334,A
4601,A
8086,A
909,A
10950,A
4817,A
7614,A
11803,A
5542,A
5901,A
9771,A
10812,A
8413,A
6753,A
10759,A
5302,A
2156,A
11735,A
4881,A
10220,A
1101,A
8258,A
3956,A
7356,A
7166,A
7349,A
8849,A
8764,A
8471,A
11533,A
7513,A
8999,A
5318,A
11351,A
11648,A
4614,A
9054,A
10510,A
12447,A
10578,A
7526,A
4359,A
3427,A
9489,A
12319,A
5277,A
114,A
6982,A
844,A
6619,A
2782,A
9378,A
1200,A
1789,A
2222,A
13215,A
8991,A
6760,A
9537,A
4072,A
8540,A
1528,A
1754,A
12822,A
691,A
6028,A
2011,A
5442,A
10907,A
12985,A
1424,A
591,A
3973,A
1224,A
6324,A
5199,A
5297,A
756,A
6203,A
6232,A
7756,A
5406,A
495,A
11024,A
4063,A
638,A
2363,A
1542,A
11438,A
4376,A
12734,A
8065,A
1287,A
12919,A
9237,A
7927,A
9976,A
4048,A
2412,A
10268,A
12838,A
10439,A
8958,A
9348,A
12955,A
9864,A
4334,A
12720,A
10214,A
5148,A
1183,A
6071,A
9371,A
7949,A
2984,A
7702,A
9791,A
12181,A
9047,A
9000,A
9827,A
12700,A
4987,A
307,A
3513,A
1580,A
11313,A
7744,A
7820,A
4725,A
7806,A
3426,A
6617,A
2140,A
8744,A
2215,A
2163,A
10991,A
10648,A
3044,A
3772,A
2507,A
2869,A
8299,A
7522,A
7601,A
11463,A
242,A
4130,A
6740,A
10352,A
12727,A
7998,A
11370,A
10541,A
11169,A
11021,A
1480,A
6544,A
8205,A
12033,A
7872,A
1181,A
5722,A
11641,A
5729,A
1515,A
458,A
4836,A
4631,A
9637,A
444,A
9399,A
8678,A
5003,A
6053,A
10732,A
5233,A
5734,A
1475,A
4202,A
967,A
11766,A
508,A
12779,A
3054,A
12478,A
2779,A
11303,A
7397,A
4455,A
6541,A
471,A
1070,A
3813,A
10357,A
5764,A
1536,A
11555,A
5826,A
8949,A
9041,A
9968,A
9599,A
1986,A
310,A
12576,A
6032,A
10230,A
4212,A
7402,A
9300,A
6920,A
13066,A
663,A
9466,A
11312,A
482,A
10655,A
6630,A
9004,A
7847,A
488,A
7277,A
1798,A
11660,A
9750,A
2029,A
10844,A
7267,A
4309,A
6988,A
545,A
8962,A
7950,A
3467,A
13364,A
9135,A
2787,A
8951,A
5829,A
2555,A
5032,A
6353,A
5875,A
7583,A
6367,A
3239,A
4516,A
1913,A
9427,A
11899,A
3373,A
5633,A
5331,A
9213,A
8533,A
3164,A
5620,A
12106,A
2627,A
1551,A
2907,A
10168,A
11163,A
7037,A
6008,A
8606,A
4769,A
7051,A
3424,A
6692,A
10497,A
9952,A
11778,A
4533,A
5645,A
5509,A
9156,A
336,A
10743,A
4264,A
9113,A
2219,A
10143,A
12198,A
5010,A
13041,A
11346,A
4871,A
5924,A
6807,A
4313,A
4999,A
2473,A
10252,A
2590,A
8719,A
52,A
3594,A
535,A
3332,A
3118,A
7319,A
11023,A
6317,A
70,A
2018,A
2304,A
3338,A
11456,A
12120,A
4282,A
3036,A
1705,A
12154,A
4307,A
2396,A
3203,A
10543,A
6258,A
7910,A
621,A
1370,A
9217,A
3271,A
193,A
10548,A
9768,A
5546,A
8726,A
3367,A
11525,A
4003,A
911,A
10178,A
8176,A
5918,A
11658,A
584,A
6853,A
10567,A
348,A
11475,A
33,A
12147,A
12499,A
1369,A
10786,A
12872,A
7260,A
9812,A
5812,A
10109,A
12704,A
11608,A
8328,A
1990,A
10720,A
7673,A
4524,A
10229,A
1758,A
7959,A
1107,A
3261,A
5301,A
6241,A
6899,A
9997,A
831,A
7442,A
5777,A
4396,A
3518,A
12269,A
4713,A
7713,A
2637,A
9844,A
10613,A
11460,A
11238,A
12646,A
8177,A
860,A
10232,A
2611,A
12702,A
13372,A
8395,A
8368,A
8001,A
2770,A
197,A
112,A
12746,A
3109,A
9584,A
3042,A
9344,A
2583,A
812,A
6121,A
8588,A
1964,A
11677,A
4150,A
11905,A
12845,A
11357,A
13304,A
10841,A
1625,A
10840,A
12843,A
2547,A
892,A
7506,A
2519,A
6107,A
11962,A
13067,A
9542,A
13280,A
6835,A
2241,A
9573,A
9144,A
5566,A
7366,A
10654,A
11205,A
5963,A
64,A
12977,A
3978,A
6880,A
9820,A
13228,A
749,A
10240,A
13339,A
9779,A
11268,A
2688,A
12205,A
2252,A
2345,A
7160,A
3737,A
6021,A
6087,A
9030,A
7256,A
3003,A
2814,A
6905,A
12055,A
7093,A
7498,A
5995,A
11152,A
9782,A
6216,A
3317,A
1773,A
8295,A
8465,A
11360,A
9959,A
2681,A
12465,A
13243,A
1495,A
926,A
12555,A
8487,A
10957,A
10042,A
6275,A
8451,A
7075,A
10816,A
13063,A
4317,A
9497,A
4195,A
11816,A
12308,A
8598,A
12445,A
10428,A
11931,A
7292,A
10891,A
1019,A
2623,A
839,A
8066,A
3365,A
6245,A
2923,A
4751,A
1702,A
3269,A
1115,A
226,A
1469,A
4316,A
10290,A
6618,B
12768,B
6221,B
9795,B
8303,B
6079,B
4942,B
9157,B
8439,B
6204,B
5092,B
5467,B
10164,B
8403,B
2930,B
12260,B
1416,B
232,B
6115,B
6506,B
1987,B
4308,B
227,B
11863,B
2944,B
12653,B
10394,B
2132,B
12871,B
5685,B
380,B
6481,B
782,B
10247,B
7054,B
9922,B
9980,B
2609,B
4955,B
12345,B
12360,B
12617,B
5246,B
7481,B
11472,B
2115,B
4567,B
12383,B
10493,B
2921,B
6509,B
7791,B
5084,B
7923,B
5851,B
10072,B
9640,B
12109,B
7759,B
8519,B
567,B
5684,B
11347,B
8074,B
1732,B
9873,B
9865,B
9694,B
11340,B
6776,B
6676,B
10894,B
4430,B
11674,B
11619,B
9501,B
3722,B
11160,B
3581,B
11271,B
4337,B
6076,B
7963,B
209,B
3254,B
12832,B
5664,B
5473,B
388,B
10251,B
3965,B
11281,B
887,B
7652,B
6998,B
2647,B
9424,B
9101,B
11506,B
4352,B
10444,B
397,B
3760,B
9111,B
35,B
2023,B
8968,B
8222,B
10332,B
9587,B
6160,B
6150,B
4632,B
11202,B
10445,B
3220,B
7986,B
4798,B
3627,B
11853,B
1201,B
6849,B
5959,B
11212,B
11115,B
8953,B
1961,B
47,B
4390,B
10059,B
3639,B
1347,B
6172,B
9723,B
13245,B
9314,B
2170,B
4459,B
2732,B
10887,B
9386,B
792,B
3420,B
12324,B
4499,B
12448,B
5289,B
8330,B
2737,B
4325,B
7622,B
8911,B
5601,B
5187,B
10661,B
11055,B
9991,B
12362,B
7569,B
10980,B
5709,B
13138,B
3868,B
5150,B
12821,B
5841,B
13205,B
5988,B
12848,B
11502,B
6751,B
6749,B
1620,B
4778,B
6439,B
8982,B
3022,B
6083,B
9475,B
12713,B
9291,B
834,B
9717,B
12058,B
7339,B
4877,B
6762,B
3032,B
7007,B
233,B
12591,B
9935,B
3194,B
10354,B
8848,B
10722,B
6710,B
4768,B
901,B
6757,B
5985,B
12498,B
11333,B
11509,B
9183,B
2116,B
7876,B
8165,B
1041,B
8184,B
9538,B
11868,B
12294,B
7244,B
1521,B
7371,B
10246,B
7494,B
10877,B
11986,B
6026,B
5690,B
6713,B
7838,B
6898,B
1013,B
8634,B
9540,B
12937,B
8296,B
9575,B
7321,B
12968,B
10410,B
6237,B
8054,B
4654,B
809,B
5213,B
6027,B
3136,B
4515,B
8940,B
8735,B
8984,B
6243,B
7330,B
6834,B
2718,B
11634,B
7801,B
11912,B
7452,B
8424,B
11713,B
9832,B
9415,B
11542,B
12953,B
3894,B
5055,B
4898,B
9483,B
6357,B
5686,B
4289,B
149,B
13014,B
9766,B
8651,B
7898,B
4183,B
4978,B
8607,B
5288,B
8372,B
2720,B
7709,B
7148,B
6460,B
5520,B
12840,B
11667,B
8196,B
9546,B
2811,B
19,B
6766,B
6206,B
4045,B
9412,B
2885,B
5,B
9090,B
4477,B
12901,B
3548,B
204,B
4314,B
2358,B
2599,B
3006,B
768,B
7210,B
7828,B
12852,B
9857,B
1703,B
6170,B
7560,B
2086,B
7194,B
1936,B
8408,B
11074,B
2797,B
10427,B
11672,B
8271,B
6517,B
8900,B
7644,B
5325,B
10855,B
10899,B
9831,B
2263,B
13002,B
930,B
11590,B
2802,B
2320,B
10216,B
2076,B
9122,B
2464,B
7843,B
594,B
11119,B
11394,B
8717,B
12680,B
6837,B
7410,B
1843,B
11614,B
7527,B
7056,B
2563,B
12992,B
10554,B
11908,B
6570,B
2752,B
7782,B
9612,B
9190,B
282,B
5809,B
10929,B
3097,B
4388,B
6012,B
4895,B
7580,B
2503,B
5033,B
4613,B
10327,B
1343,B
10876,B
7846,B
8740,B
13139,B
3685,B
5439,B
351,B
4305,B
13283,B
3650,B
972,B
8562,B
8922,B
3305,B
423,B
8056,B
6220,B
5250,B
1692,B
12405,B
11781,B
12897,B
4727,B
4694,B
5656,B
2792,B
1320,B
8167,B
3112,B
7731,B
10537,B
5054,B
2168,B
7474,B
176,B
977,B
11230,B
11737,B
2703,B
11287,B
10880,B
3416,B
11771,B
6647,B
6737,B
11177,B
7579,B
481,B
8435,B
13282,B
9759,B
6371,B
6682,B
7635,B
12395,B
2622,B
1570,B
13120,B
80,B
8155,B
115,B
12665,B
8906,B
1881,B
9711,B
5654,B
13164,B
7804,B
12393,B
8818,B
3404,B
11214,B
830,B
11385,B
1795,B
5849,B
10570,B
3221,B
4916,B
4437,B
8665,B
2793,B
12504,B
235,B
1225,B
695,B
12377,B
7632,B
13188,B
11060,B
9891,B
9373,B
7325,B
12749,B
12634,B
1588,B
5226,B
10556,B
3163,B
3757,B
7865,B
10195,B
13279,B
1267,B
8097,B
8371,B
464,B
2121,B
3216,B
4510,B
2975,B
1346,B
2535,B
5169,B
8082,B
7337,B
4917,B
2164,B
9846,B
6556,B
6114,B
1132,B
9715,B
4505,B
5701,B
13260,B
207,B
7538,B
12473,B
6534,B
836,B
5622,B
11267,B
3121,B
9598,B
9934,B
6897,B
10528,B
5149,B
8407,B
6065,B
10737,B
13079,B
7315,B
8695,B
10158,B
5919,B
602,B
7000,B
8866,B
10848,B
10189,B
54,B
10687,B
2587,B
6917,B
1640,B
3699,B
4532,B
4274,B
12695,B
524,B
11487,B
1538,B
1713,B
9203,B
10689,B
10203,B
6303,B
12980,B
9411,B
11968,B
4196,B
4585,B
3399,B
8160,B
5506,B
11289,B
12790,B
11302,B
3311,B
12965,B
2026,B
3499,B
10272,B
1488,B
183,B
12463,B
3142,B
7755,B
3153,B
8355,B
7606,B
10429,B
2392,B
9545,B
11276,B
637,B
11991,B
11866,B
2381,B
985,B
13299,B
11497,B
8583,B
8698,B
5624,B
4966,B
12210,B
1673,B
5167,B
10808,B
9925,B
1960,B
3184,B
3902,B
12564,B
5569,B
12442,B
2810,B
5042,B
3585,B
280,B
7509,B
13156,B
5897,B
5153,B
167,B
10324,B
1412,B
9698,B
13274,B
10538,B
11183,B
4187,B
4937,B
10123,B
12268,B
13337,B
7294,B
2928,B
6411,B
10580,B
4995,B
4470,B
9644,B
11630,B
2643,B
5882,B
6836,B
12263,B
12127,B
9471,B
5124,B
6940,B
3268,B
1624,B
7884,B
1048,B
12544,B
2724,B
11817,B
12468,B
3350,B
6057,B
5222,B
6273,B
138,B
1244,B
726,B
2845,B
6312,B
7345,B
7281,B
1741,B
13200,B
3245,B
7113,B
1130,B
2790,B
12228,B
11874,B
5356,B
8898,B
9912,B
11512,B
12868,B
9330,B
13202,B
11927,B
970,B
2867,B
10790,B
6528,B
12830,B
3264,B
8736,B
1820,B
10546,B
6712,B
6067,B
6350,B
1227,B
11411,B
8687,B
10540,B
3316,B
8656,B
12002,B
8482,B
8304,B
3345,B
664,B
6684,B
5496,B
6761,B
10276,B
13157,B
2751,B
3087,B
10221,B
4071,B
1674,B
4120,B
12251,B
7943,B
4889,B
5409,B
1629,B
2294,B
447,B
8639,B
12501,B
10809,B
12537,B
6942,B
732,B
514,B
6947,B
120,B
11712,B
1529,B
6626,B
11800,B
2031,B
1496,B
2875,B
1276,B
12074,B
9933,B
4993,B
1599,B
7368,B
1111,B
4936,B
3451,B
5786,B
11524,B
8725,B
12239,B
9238,B
7421,B
9571,B
13311,B
10253,B
799,B
11040,B
11184,B
6061,B
4773,B
8708,B
12512,B
8071,B
9311,B
3555,B
3520,B
2467,B
12714,B
3072,B
6488,B
10690,B
11039,B
9038,B
9674,B
79,B
886,B
319,B
3983,B
10954,B
1298,B
10317,B
8854,B
11793,B
12489,B
111,B
454,B
3468,B
10135,B
5036,B
4782,B
5195,B
5823,B
1866,B
1166,B
10310,B
9426,B
5117,B
557,B
2532,B
1081,B
4127,B
826,B
912,B
3663,B
6201,B
1872,B
9853,B
10110,B
12565,B
8785,B
3498,B
2693,B
1457,B
11149,B
10299,B
8170,B
7691,B
4175,B
1154,B
9690,B
293,B
2836,B
1271,B
12983,B
12987,B
9514,B
2476,B
1947,B
9620,B
3134,B
4954,B
4507,B
9566,B
13150,B
2864,B
4405,B
11208,B
8510,B
10156,B
884,B
13251,B
5619,B
9802,B
8322,B
2410,B
6168,B
1232,B
7153,B
871,B
13259,B
11248,B
13132,B
3244,B
10571,B
12307,B
3005,B
10965,B
4448,B
4907,B
4123,B
11762,B
6844,B
8579,B
11378,B
6085,B
5299,B
9333,B
601,B
3206,B
7191,B
12475,B
3958,B
1427,B
10421,B
10367,B
11893,B
692,B
5281,B
9493,B
441,B
4973,B
6921,B
4486,B
10287,B
7970,B
7127,B
5232,B
1860,B
4903,B
580,B
165,B
5549,B
1437,B
10501,B
8494,B
7774,B
8364,B
8632,B
13025,B
11353,B
10041,B
10596,B
10977,B
7391,B
8522,B
5937,B
2368,B
10608,B
2160,B
13295,B
10780,B
539,B
6423,B
8822,B
2299,B
10390,B
8312,B
5725,B
9459,B
1679,B
2038,B
4118,B
11929,B
4822,B
13081,B
9395,B
2530,B
3837,B
13104,B
2110,B
3618,B
10364,B
10958,B
12291,B
9461,B
4797,B
13340,B
9469,B
1266,B
5564,B
7131,B
565,B
2573,B
12346,B
10149,B
7849,B
11480,B
7738,B
8718,B
12772,B
11440,B
7834,B
5935,B
7666,B
11081,B
12462,B
3071,B
8865,B
9127,B
3128,B
4825,B
1339,B
3110,B
12701,B
10833,B
697,B
9168,B
10612,B
9551,B
1273,B
1805,B
9919,B
11134,B
8894,B
2881,B
5890,B
3705,B
8957,B
8996,B
4443,B
6731,B
7214,B
3771,B
1935,B
13027,B
5648,B
2138,B
7924,B
9829,B
2420,B
3587,B
4103,B
4403,B
1179,B
7448,B
6146,B
3764,B
7178,B
2413,B
5484,B
10302,B
10420,B
5282,B
12507,B
6272,B
12277,B
10558,B
547,B
7823,B
6543,B
5944,B
7934,B
7186,B
3925,B
4485,B
12592,B
852,B
7564,B
316,B
3049,B
10309,B
6068,B
5381,B
9720,B
4590,B
1948,B
10642,B
9136,B
4433,B
2963,B
8559,B
3078,B
3784,B
7523,B
11462,B
4111,B
838,B
12616,B
1387,B
2308,B
418,B
5860,B
5682,B
11818,B
3783,B
803,B
10100,B
5766,B
12600,B
6122,B
5965,B
238,B
6978,B
12797,B
7063,B
13331,B
1555,B
10595,B
10443,B
9532,B
11451,B
5981,B
4980,B
11010,B
6689,B
2348,B
11156,B
5334,B
13219,B
4200,B
10569,B
743,B
11517,B
6074,B
3884,B
10249,B
11088,B
2290,B
7693,B
5989,B
8518,B
11138,B
8557,B
7816,B
2899,B
13388,B
13135,B
6500,B
3464,B
2887,B
3812,B
7271,B
7312,B
8799,B
12110,B
3923,B
12391,B
13065,B
968,B
7688,B
2198,B
4318,B
6024,B
8564,B
11063,B
3224,B
3030,B
2113,B
11556,B
9724,B
5247,B
11103,B
3484,B
10936,B
5196,B
5820,B
2689,B
7196,B
4961,B
3501,B
6560,B
4815,B
4192,B
13367,B
573,B
2705,B
13059,B
4089,B
3558,B
5100,B
4,B
1494,B
3528,B
2840,B
7607,B
10515,B
216,B
12035,B
4832,B
13152,B
11594,B
3850,B
4610,B
8907,B
549,B
2658,B
6840,B
13342,B
3723,B
4078,B
3296,B
3883,B
9268,B
4239,B
201,B
7219,B
2128,B
12988,B
12966,B
4882,B
7011,B
9761,B
9848,B
1388,B
7980,B
3805,B
2968,B
993,B
2628,B
6165,B
11971,B
6902,B
1345,B
11879,B
403,B
8221,B
11585,B
2986,B
6183,B
2155,B
13020,B
4708,B
4847,B
6294,B
8746,B
7468,B
11802,B
6474,B
11282,B
8558,B
632,B
764,B
10559,B
3718,B
333,B
6000,B
2870,B
10241,B
9153,B
10917,B
6309,B
556,B
6587,B
1263,B
9754,B
11352,B
5151,B
7232,B
10477,B
6009,B
3944,B
5498,B
3651,B
7200,B
2815,B
13384,B
12199,B
4666,B
6383,B
10488,B
7184,B
1614,B
10946,B
2855,B
11283,B
3419,B
8931,B
1096,B
5018,B
2306,B
6744,B
7617,B
3597,B
12458,B
5078,B
5202,B
11511,B
368,B
5011,B
9468,B
7581,B
5810,B
7150,B
12104,B
10115,B
9011,B
1344,B
50,B
7760,B
727,B
11092,B
9748,B
624,B
6931,B
889,B
6395,B
3848,B
11783,B
982,B
8141,B
13186,B
9960,B
12380,B
5462,B
1531,B
11754,B
10385,B
4888,B
8208,B
10791,B
510,B
13212,B
8947,B
12450,B
6169,B
7977,B
1400,B
12314,B
4549,B
12959,B
4548,B
8554,B
6745,B
7618,B
9503,B
11215,B
4106,B
3892,B
6330,B
5869,B
4861,B
12367,B
10271,B
7287,B
6502,B
9525,B
800,B
11584,B
5920,B
8305,B
11775,B
8547,B
2909,B
11315,B
2050,B
5466,B
6691,B
11583,B
10333,B
1724,B
10208,B
10948,B
10964,B
2671,B
11244,B
4431,B
3173,B
10532,B
4803,B
9358,B
3279,B
5179,B
5290,B
1422,B
6965,B
6655,B
2374,B
9967,B
11397,B
1882,B
428,B
1623,B
7328,B
7869,B
10889,B
86,B
4865,B
1294,B
10027,B
3267,B
7856,B
11570,B
412,B
5109,B
69,B
11739,B
5618,B
772,B
8858,B
9008,B
2629,B
7873,B
4079,B
576,B
12583,B
9048,B
3915,B
10426,B
1544,B
512,B
8346,B
1398,B
12359,B
4047,B
2379,B
13008,B
265,B
1530,B
2338,B
5730,B
2228,B
6748,B
5628,B
192,B
13033,B
9274,B
56,B
5567,B
12883,B
156,B
12163,B
6615,B
5097,B
2725,B
4068,B
13060,B
12742,B
10616,B
12023,B
2475,B
5127,B
10362,B
4625,B
9318,B
8063,B
7415,B
1296,B
10565,B
11637,B
5372,B
7697,B
6929,B
7327,B
6334,B
7354,B
8098,B
5376,B
7541,B
735,B
12786,B
12952,B
1498,B
9196,B
2130,B
761,B
205,B
2515,B
3328,B
12443,B
2678,B
4087,B
1739,B
2539,B
4860,B
13077,B
5649,B
6402,B
4270,B
986,B
10725,B
7689,B
10630,B
8847,B
9578,B
4722,B
805,B
11998,B
5531,B
6386,B
2991,B
9859,B
5460,B
4553,B
199,B
5188,B
3395,B
7812,B
10886,B
8252,B
6233,B
7382,B
6856,B
7174,B
5691,B
4635,B
2804,B
1610,B
10659,B
10293,B
10738,B
7392,B
8631,B
391,B
9521,B
409,B
4284,B
6007,B
13325,B
728,B
10683,B
2414,B
9312,B
10422,B
7156,B
11806,B
11308,B
2027,B
12171,B
9260,B
5848,B
8272,B
8676,B
1468,B
7825,B
1164,B
558,B
4438,B
5207,B
1813,B
2126,B
11296,B
11953,B
5126,B
7088,B
9478,B
10388,B
11589,B
11867,B
7332,B
7675,B
8616,B
1632,B
6741,B
2641,B
6908,B
5625,B
1355,B
13125,B
8324,B
9161,B
3421,B
4568,B
3746,B
7679,B
1180,B
9646,B
1012,B
4201,B
12343,B
7284,B
7162,B
5363,B
6559,B
10004,B
7441,B
11675,B
9086,B
8956,B
6325,B
228,B
9985,B
11580,B
6161,B
4559,B
8868,B
6885,B
8264,B
4732,B
317,B
9126,B
12719,B
6572,B
9137,B
3755,B
2557,B
12419,B
10057,B
10726,B
8100,B
3111,B
4291,B
10469,B
1941,B
5475,B
11535,B
4377,B
5818,B
13118,B
8517,B
10935,B
8633,B
13317,B
4717,B
6798,B
4018,B
5231,B
1504,B
1356,B
10708,B
9477,B
7488,B
7521,B
7749,B
1658,B
3060,B
5878,B
7817,B
3598,B
5163,B
9634,B
7936,B
10724,B
9325,B
8850,B
5894,B
4787,B
2370,B
7630,B
9107,B
2181,B
6300,B
4348,B
9507,B
2035,B
1074,B
4642,B
5395,B
6103,B
2650,B
8062,B
7665,B
518,B
4117,B
12951,B
6648,B
11513,B
8188,B
12219,B
8215,B
12828,B
9899,B
12111,B
9265,B
5991,B
20,B
9264,B
12081,B
11334,B
579,B
10321,B
8419,B
8815,B
12757,B
13172,B
1627,B
8843,B
4266,B
819,B
2147,B
371,B
3725,B
6136,B
11736,B
4606,B
12029,B
3546,B
11607,B
1709,B
7165,B
2073,B
3411,B
6583,B
5545,B
12203,B
13084,B
8460,B
11849,B
168,B
9109,B
4295,B
11292,B
6939,B
5066,B
12927,B
3832,B
6859,B
9594,B
4065,B
9441,B
5171,B
12815,B
4473,B
3634,B
2842,B
7155,B
4164,B
3870,B
2682,B
7529,B
8841,B
10600,B
2982,B
8807,B
4691,B
10716,B
9420,B
7915,B
9145,B
1932,B
13385,B
3818,B
5950,B
4896,B
10547,B
3823,B
11301,B
12629,B
10699,B
1485,B
6790,B
7188,B
315,B
10118,B
5986,B
4330,B
3858,B
5868,B
2916,B
11269,B
3743,B
10312,B
7803,B
10545,B
10160,B
4069,B
161,B
11582,B
3573,B
2606,B
8381,B
3855,B
10248,B
10292,B
1251,B
3051,B
11388,B
7627,B
12671,B
1144,B
1169,B
8724,B
9327,B
7167,B
5275,B
3465,B
8566,B
3301,B
7004,B
1812,B
3740,B
7060,B
1893,B
6707,B
2600,B
11085,B
9304,B
11965,B
5096,B
4014,B
1397,B
9838,B
5037,B
4603,B
11454,B
1470,B
13347,B
3108,B
10838,B
7519,B
10802,B
3574,B
11831,B
1524,B
4992,B
11362,B
4715,B
6047,B
10494,B
676,B
5732,B
12904,B
951,B
5720,B
1641,B
3004,B
5256,B
13101,B
11026,B
7626,B
2768,B
540,B
9905,B
12926,B
9065,B
8047,B
9713,B
12409,B
3187,B
9611,B
3907,B
5765,B
2927,B
2661,B
2322,B
2107,B
2019,B
7099,B
11414,B
2783,B
6711,B
9916,B
7999,B
12494,B
12187,B
8122,B
8709,B
10623,B
12556,B
12493,B
9947,B
900,B
4932,B
3273,B
3280,B
1419,B
1645,B
8,B
4933,B
1575,B
12624,B
4104,B
12312,B
5629,B
1464,B
11418,B
3606,B
5945,B
10205,B
7479,B
4046,B
6821,B
6796,B
7002,B
1983,B
12513,B
4275,B
12557,B
1840,B
12162,B
4487,B
7694,B
10568,B
9241,B
5047,B
12454,B
2177,B
344,B
9370,B
11356,B
1590,B
3181,B
11714,B
11342,B
9387,B
3445,B
6540,B
5710,B
9360,B
10288,B
7769,B
6039,B
548,B
11105,B
671,B
6329,B
13040,B
13087,B
10763,B
2238,B
3229,B
2459,B
10193,B
9198,B
10475,B
7503,B
4475,B
6048,B
10959,B
4800,B
1573,B
7036,B
7707,B
11942,B
796,B
7023,B
7903,B
3891,B
3252,B
2405,B
914,B
128,B
823,B
1646,B
9356,B
2644,B
9767,B
9794,B
3561,B
10107,B
3570,B
244,B
11567,B
11377,B
3900,B
11417,B
11891,B
6663,B
2180,B
3076,B
2665,B
6230,B
1357,B
7992,B
5091,B
6184,B
7395,B
3288,B
12860,B
8203,B
2772,B
6991,B
2279,B
9155,B
10953,B
9021,B
4384,B
4700,B
7728,B
2203,B
2615,B
753,B
196,B
3658,B
9072,B
12781,B
4056,B
3414,B
3568,B
1975,B
5026,B
3020,B
12287,B
9235,B
7703,B
8394,B
9632,B
13284,B
7042,B
2403,B
9487,B
6149,B
11235,B
13379,B
9346,B
6567,B
4090,B
12747,B
12460,B
12157,B
9046,B
6319,B
9733,B
5111,B
7875,B
1626,B
12993,B
575,B
3799,B
6680,B
2485,B
5996,B
8782,B
1257,B
4180,B
5926,B
6186,B
9712,B
6179,B
7451,B
11649,B
9152,B
9798,B
4224,B
11642,B
12705,B
5113,B
4678,B
9397,B
4771,B
1322,B
5361,B
85,B
8239,B
2384,B
1890,B
11242,B
7701,B
4091,B
7456,B
11926,B
7991,B
8763,B
3967,B
11241,B
6385,B
10551,B
389,B
2300,B
7101,B
4300,B
7138,B
6038,B
11481,B
496,B
1808,B
6524,B
7600,B
7961,B
7381,B
1611,B
6417,B
7245,B
7586,B
1052,B
8427,B
6972,B
11216,B
12411,B
2709,B
11779,B
1560,B
9082,B
4997,B
11221,B
4133,B
1118,B
10767,B
10244,B
9139,B
10339,B
1540,B
9872,B
4131,B
4389,B
2943,B
2888,B
6432,B
2014,B
9428,B
9658,B
7710,B
13363,B
1714,B
2429,B
9936,B
12766,B
2207,B
9989,B
3849,B
1258,B
733,B
13357,B
7944,B
6667,B
4080,B
4144,B
2337,B
627,B
8964,B
12482,B
6426,B
979,B
11453,B
2676,B
7590,B
3756,B
6447,B
1938,B
3525,B
1220,B
6388,B
7098,B
4607,B
10598,B
8613,B
11904,B
11284,B
5652,B
5412,B
65,B
5485,B
11541,B
3623,B
11358,B
10084,B
4306,B
10830,B
1797,B
8028,B
4439,B
8300,B
4990,B
12242,B
4819,B
8789,B
1319,B
2625,B
10741,B
2055,B
3398,B
292,B
108,B
5468,B
3001,B
2553,B
11247,B
5773,B
8745,B
1050,B
12218,B
2584,B
6536,B
10185,B
6414,B
4088,B
1855,B
9697,B
6538,B
9302,B
3327,B
9182,B
2206,B
12670,B
11006,B
3904,B
3819,B
4027,B
7240,B
1523,B
4029,B
2281,B
4254,B
5746,B
11434,B
9128,B
12371,B
1205,B
3138,B
4163,B
8089,B
1449,B
1683,B
2886,B
3217,B
4765,B
9104,B
4805,B
4279,B
8664,B
3702,B
5251,B
2634,B
12370,B
10604,B
9639,B
7777,B
5763,B
4887,B
1270,B
8817,B
7308,B
5952,B
7084,B
8050,B
12216,B
4977,B
1907,B
5258,B
8869,B
5025,B
6634,B
4569,B
7141,B
2677,B
6792,B
9419,B
8821,B
3025,B
10766,B
2134,B
6721,B
6360,B
7340,B
94,B
1197,B
4730,B
5914,B
11952,B
2726,B
1946,B
4360,B
6862,B
8101,B
6814,B
978,B
10002,B
4593,B
5210,B
381,B
9462,B
11508,B
1030,B
363,B
7298,B
1247,B
2153,B
13109,B
7559,B
2226,B
11538,B
24,B
10258,B
9999,B
2786,B
4848,B
7262,B
8483,B
4692,B
2925,B
8426,B
2578,B
345,B
10462,B
10730,B
1217,B
5088,B
6228,B
143,B
7871,B
3989,B
6953,B
5871,B
4735,B
5817,B
12703,B
11940,B
11519,B
6,B
2182,B
10628,B
117,B
4076,B
99,B
9184,B
8235,B
8332,B
3521,B
12492,B
10868,B
9131,B
8935,B
9813,B
7364,B
7911,B
12113,B
7353,B
9683,B
7789,B
8902,B
11692,B
4154,B
12721,B
2461,B
6656,B
9114,B
11978,B
11147,B
4269,B
3899,B
4232,B
10008,B
10130,B
12402,B
6314,B
4043,B
9423,B
2275,B
182,B
158,B
11012,B
4600,B
2352,B
2740,B
1108,B
11543,B
2234,B
4974,B
4653,B
7743,B
2911,B
2004,B
144,B
8916,B
5978,B
646,B
8003,B
6726,B
5007,B
475,B
10483,B
2297,B
12737,B
3539,B
2249,B
9751,B
8635,B
12827,B
8370,B
8712,B
9029,B
3148,B
5680,B
4884,B
8980,B
12086,B
4363,B
1736,B
4755,B
6679,B
8331,B
3065,B
10382,B
9375,B
3255,B
7015,B
5051,B
5847,B
10054,B
4113,B
7636,B
4594,B
3247,B
2978,B
4655,B
4960,B
765,B
1684,B
2965,B
10521,B
11549,B
3140,B
9287,B
13105,B
5453,B
3778,B
7736,B
3811,B
10386,B
2863,B
13174,B
8643,B
4574,B
13045,B
5941,B
4837,B
9444,B
6659,B
11199,B
841,B
3942,B
12582,B
8421,B
4427,B
4480,B
5131,B
1392,B
5075,B
8358,B
12913,B
10675,B
498,B
3580,B
10765,B
3677,B
6211,B
12683,B
11050,B
11232,B
10180,B
774,B
4151,B
8611,B
9685,B
3851,B
6193,B
3791,B
12831,B
4985,B
7378,B
7116,B
11354,B
11690,B
8076,B
12436,B
8758,B
3202,B
5110,B
6156,B
4842,B
7973,B
12813,B
7687,B
1116,B
3385,B
2452,B
12180,B
13199,B
7082,B
7917,B
2548,B
2719,B
1775,B
5612,B
3119,B
12344,B
6441,B
2947,B
4465,B
1071,B
10190,B
9692,B
9308,B
5220,B
8103,B
1454,B
12888,B
5425,B
12944,B
4256,B
5741,B
7001,B
4096,B
8341,B
2824,B
11811,B
8405,B
6661,B
6579,B
7928,B
9242,B
12135,B
8270,B
10664,B
11646,B
945,B
11458,B
7520,B
11970,B
5802,B
2949,B
8497,B
6242,B
2685,B
3256,B
5673,B
9530,B
8123,B
3592,B
3370,B
7827,B
5815,B
7830,B
8526,B
6637,B
7370,B
10789,B
7466,B
8088,B
12170,B
5659,B
3400,B
12923,B
12520,B
6980,B
11084,B
7239,B
6687,B
12088,B
4167,B
13012,B
6191,B
1906,B
460,B
13195,B
5947,B
8800,B
8326,B
5997,B
3381,B
2084,B
3106,B
1769,B
11425,B
5584,B
10853,B
3362,B
6829,B
5002,B
3646,B
3174,B
10124,B
8411,B
11057,B
11922,B
13159,B
6435,B
6250,B
2199,B
12812,B
12038,B
13182,B
6328,B
1838,B
4011,B
10770,B
5482,B
3569,B
6399,B
10626,B
8689,B
8936,B
8516,B
8990,B
9505,B
9176,B
3681,B
5307,B
6133,B
10677,B
6120,B
11671,B
9142,B
326,B
3207,B
7199,B
2506,B
10900,B
12415,B
4429,B
6147,B
9357,B
5553,B
419,B
3166,B
4513,B
12046,B
9402,B
3872,B
10714,B
9927,B
1207,B
1572,B
3853,B
7895,B
6894,B
5727,B
1910,B
3838,B
3986,B
11068,B
6832,B
4060,B
2973,B
8795,B
6770,B
13049,B
7029,B
5526,B
13154,B
7859,B
2640,B
7778,B
1617,B
1980,B
1218,B
7222,B
2382,B
12559,B
4008,B
7467,B
7291,B
11117,B
294,B
4824,B
5176,B
415,B
9049,B
9435,B
12026,B
7487,B
6284,B
12052,B
6537,B
546,B
3821,B
1436,B
4899,B
306,B
12068,B
1595,B
7295,B
853,B
241,B
2697,B
12529,B
8314,B
7461,B
8458,B
11355,B
4251,B
7309,B
2667,B
3953,B
6252,B
2484,B
8382,B
13222,B
7658,B
2784,B
10938,B
11943,B
12042,B
9167,B
7385,B
2235,B
7404,B
11767,B
10171,B
4422,B
8742,B
3312,B
2191,B
11110,B
3738,B
2730,B
3048,B
6882,B
121,B
4179,B
3283,B
4910,B
4776,B
1481,B
3817,B
3249,B
7997,B
5938,B
2743,B
1150,B
11491,B
12620,B
13032,B
4529,B
11728,B
9170,B
7034,B
10222,B
9868,B
11887,B
6847,B
6111,B
3930,B
4148,B
12262,B
13383,B
12627,B
6316,B
9282,B
10448,B
5198,B
5538,B
9087,B
7198,B
7815,B
8145,B
5555,B
13100,B
710,B
5927,B
3318,B
9232,B
11903,B
9328,B
10119,B
5749,B
2042,B
2486,B
12374,B
13229,B
11834,B
1649,B
9972,B
6966,B
722,B
2457,B
3635,B
10207,B
2020,C
10051,C
11846,C
1243,C
6288,C
7407,C
3679,C
12189,C
12256,C
1958,C
4665,C
8477,C
10450,C
4301,C
494,C
11564,C
8147,C
12778,C
321,C
1784,C
11025,C
6755,C
5588,C
6135,C
12775,C
10795,C
13393,C
11516,C
301,C
7411,C
9928,C
4461,C
3814,C
6154,C
9714,C
1415,C
11207,C
13145,C
9088,C
1619,C
974,C
12296,C
2765,C
10036,C
4040,C
3222,C
2934,C
8534,C
5416,C
10485,C
3991,C
10188,C
12717,C
12816,C
12589,C
1024,C
7695,C
3666,C
12441,C
10409,C
10903,C
1431,C
221,C
450,C
2905,C
1818,C
5073,C
6675,C
432,C
9983,C
10875,C
3190,C
5602,C
463,C
4707,C
4209,C
160,C
8567,C
5573,C
4010,C
133,C
8463,C
2218,C
10529,C
10691,C
1452,C
2106,C
6033,C
9755,C
11162,C
5807,C
7264,C
5908,C
12876,C
13252,C
2477,C
6717,C
6365,C
12207,C
12521,C
2401,C
7611,C
7886,C
10818,C
11663,C
10090,C
6400,C
8226,C
7552,C
9743,C
9219,C
14,C
1026,C
3753,C
13354,C
1915,C
12841,C
7495,C
13373,C
2639,C
12922,C
1697,C
10793,C
7842,C
430,C
7651,C
4482,C
7040,C
5585,C
7706,C
10014,C
5747,C
9559,C
3423,C
12272,C
790,C
7453,C
2602,C
1309,C
9856,C
10653,C
2371,C
7180,C
5262,C
1509,C
3909,C
7390,C
9876,C
5020,C
262,C
9403,C
10058,C
13376,C
11746,C
1688,C
3576,C
10375,C
2143,C
7550,C
12204,C
5177,C
9500,C
7120,C
11946,C
7571,C
3363,C
6030,C
13286,C
7733,C
12202,C
2980,C
12652,C
2652,C
12997,C
11742,C
10873,C
8338,C
12437,C
10322,C
4335,C
4956,C
12299,C
3662,C
2036,C
11592,C
8950,C
1421,C
11365,C
11892,C
4416,C
1295,C
8018,C
12605,C
6331,C
1264,C
439,C
8574,C
8640,C
11785,C
12855,C
13178,C
2577,C
2914,C
1299,C
5688,C
1845,C
3353,C
9158,C
13163,C
7299,C
4577,C
696,C
8508,C
340,C
9625,C
4757,C
13190,C
1589,C
13377,C
3918,C
948,C
11327,C
9472,C
6954,C
6143,C
155,C
7440,C
4181,C
159,C
4484,C
12434,C
2800,C
29,C
366,C
890,C
10170,C
3776,C
11764,C
2738,C
759,C
7293,C
9862,C
10077,C
1650,C
2492,C
7952,C
897,C
8496,C
916,C
1676,C
12932,C
4406,C
976,C
1349,C
10992,C
705,C
2727,C
11643,C
12587,C
5411,C
220,C
8804,C
2771,C
12247,C
4560,C
4864,C
11852,C
9486,C
1757,C
2016,C
2470,C
97,C
10028,C
7016,C
2831,C
9015,C
269,C
10046,C
1136,C
8784,C
11264,C
12338,C
13374,C
8180,C
7850,C
11126,C
741,C
6287,C
7053,C
12045,C
8705,C
10304,C
9951,C
4679,C
4661,C
762,C
179,C
12844,C
3021,C
12795,C
8000,C
9815,C
9414,C
4445,C
6820,C
12811,C
5284,C
3192,C
913,C
8030,C
12523,C
5962,C
7678,C
202,C
2286,C
157,C
5236,C
8775,C
1341,C
8489,C
7384,C
11870,C
435,C
8820,C
7067,C
1004,C
3102,C
8373,C
10397,C
3388,C
1817,C
1033,C
11325,C
10235,C
11498,C
12190,C
7556,C
12818,C
11666,C
561,C
5059,C
7824,C
4544,C
9205,C
4169,C
1439,C
5254,C
4762,C
3804,C
5816,C
12561,C
3406,C
12136,C
11437,C
11441,C
1248,C
3159,C
1316,C
2451,C
6879,C
8242,C
9528,C
9315,C
10452,C
4784,C
13296,C
2799,C
13275,C
10454,C
6042,C
11124,C
10411,C
10682,C
3684,C
8456,C
2798,C
11386,C
3144,C
7727,C
11121,C
8576,C
12961,C
9956,C
5982,C
12996,C
10438,C
1323,C
2129,C
3596,C
11976,C
6773,C
3342,C
3774,C
9418,C
8876,C
11510,C
1863,C
5974,C
13026,C
13382,C
3364,C
8830,C
2151,C
13314,C
8027,C
4859,C
11572,C
6935,C
6212,C
8278,C
1578,C
12586,C
7631,C
6304,C
8374,C
9050,C
8674,C
5574,C
10425,C
1921,C
7213,C
2708,C
5857,C
1827,C
8169,C
2687,C
9749,C
12899,C
362,C
2385,C
5353,C
13,C
7157,C
357,C
779,C
1371,C
1486,C
9192,C
7592,C
8893,C
654,C
4651,C
10399,C
2317,C
2543,C
12192,C
13310,C
7739,C
5264,C
6974,C
253,C
9861,C
11157,C
3014,C
2499,C
5559,C
9958,C
1762,C
6901,C
11259,C
296,C
7475,C
12115,C
11255,C
10739,C
6379,C
4297,C
7422,C
6771,C
5390,C
10070,C
7942,C
12566,C
4190,C
4650,C
2773,C
1666,C
5298,C
11805,C
12837,C
11254,C
13034,C
9673,C
11135,C
384,C
13371,C
5891,C
6296,C
4281,C
1743,C
8385,C
3846,C
655,C
2089,C
12792,C
9269,C
3974,C
1318,C
9686,C
8057,C
11988,C
1514,C
11499,C
10263,C
5245,C
4020,C
4967,C
1725,C
5209,C
3028,C
2446,C
11384,C
1584,C
10937,C
10796,C
11048,C
10227,C
7249,C
7326,C
519,C
6198,C
7329,C
11855,C
8020,C
7554,C
2424,C
2598,C
962,C
3196,C
10843,C
643,C
5270,C
7115,C
1037,C
1900,C
11372,C
8778,C
506,C
7921,C
6497,C
4530,C
4188,C
9852,C
9141,C
2075,C
5184,C
3335,C
5058,C
5704,C
11161,C
11902,C
9671,C
370,C
7454,C
13217,C
11845,C
12354,C
11189,C
5533,C
6961,C
12673,C
10242,C
1286,C
4983,C
3259,C
1603,C
2853,C
2774,C
8448,C
1484,C
6408,C
3766,C
4322,C
9032,C
1157,C
10366,C
4535,C
10826,C
3517,C
12062,C
11837,C
9149,C
7770,C
2048,C
7476,C
7217,C
2865,C
11804,C
1931,C
652,C
12031,C
9037,C
9440,C
12080,C
2225,C
8279,C
10365,C
1350,C
12769,C
7797,C
1389,C
9246,C
1929,C
11344,C
459,C
12012,C
1493,C
3225,C
3016,C
4731,C
5712,C
1112,C
1593,C
2415,C
10099,C
8608,C
3270,C
12497,C
7922,C
5382,C
10919,C
12610,C
7092,C
445,C
592,C
11662,C
12756,C
10314,C
2265,C
3798,C
8846,C
7502,C
13309,C
4957,C
8637,C
1894,C
10854,C
1312,C
4989,C
8445,C
2554,C
364,C
2754,C
3719,C
9417,C
11403,C
10761,C
744,C
8113,C
13011,C
6888,C
1386,C
8090,C
10264,C
11531,C
8232,C
12222,C
436,C
11932,C
10828,C
1796,C
1507,C
11790,C
5355,C
7557,C
9607,C
10451,C
5552,C
2820,C
6210,C
9438,C
3098,C
8788,C
1212,C
1094,C
7318,C
10751,C
7065,C
7885,C
6369,C
8749,C
6906,C
8479,C
12431,C
12877,C
4007,C
178,C
3506,C
778,C
8292,C
5491,C
5133,C
6461,C
5692,C
2901,C
4356,C
10063,C
6677,C
12375,C
8187,C
3961,C
9576,C
530,C
13230,C
7272,C
3889,C
647,C
12124,C
446,C
5224,C
1088,C
5053,C
3272,C
4493,C
2254,C
3668,C
10435,C
8238,C
10000,C
7091,C
1885,C
4410,C
8877,C
6764,C
5604,C
1928,C
3431,C
10456,C
5614,C
3430,C
11819,C
4652,C
11222,C
13141,C
8044,C
3050,C
9558,C
7163,C
3614,C
10102,C
8682,C
12051,C
1672,C
10161,C
3200,C
11974,C
6817,C
2390,C
9362,C
11226,C
4902,C
531,C
2335,C
7587,C
63,C
6289,C
12761,C
5095,C
4854,C
9143,C
1581,C
11935,C
12169,C
9845,C
5805,C
10019,C
1172,C
2560,C
4394,C
8369,C
11522,C
12647,C
864,C
13095,C
11897,C
5714,C
8391,C
13253,C
6549,C
8649,C
4543,C
8961,C
4948,C
12612,C
25,C
8031,C
802,C
6420,C
9084,C
1395,C
12711,C
9390,C
2331,C
8831,C
12179,C
6616,C
10129,C
9407,C
2936,C
2131,C
8727,C
12803,C
2278,C
9793,C
11286,C
6838,C
5879,C
3127,C
13072,C
5463,C
11808,C
8690,C
2653,C
7672,C
9123,C
10627,C
1053,C
3595,C
12400,C
12672,C
3935,C
4540,C
13313,C
12873,C
6505,C
11486,C
2500,C
1092,C
4092,C
1272,C
6969,C
2668,C
4259,C
141,C
6763,C
4268,C
6852,C
4557,C
3624,C
5852,C
2695,C
11406,C
7424,C
11421,C
10043,C
9301,C
13278,C
416,C
6037,C
8091,C
13227,C
10924,C
11740,C
6093,C
10044,C
1214,C
11087,C
4218,C
9850,C
6173,C
7423,C
8043,C
8645,C
1526,C
4263,C
4739,C
11898,C
5842,C
5936,C
687,C
7285,C
10331,C
10414,C
12349,C
5139,C
9908,C
13370,C
11395,C
1925,C
13131,C
1255,C
7768,C
795,C
12067,C
4945,C
9014,C
8538,C
3554,C
8269,C
7668,C
3749,C
3433,C
10930,C
12970,C
11320,C
12114,C
2449,C
1418,C
1430,C
3018,C
1336,C
8852,C
12006,C
7486,C
3045,C
4611,C
1277,C
11473,C
995,C
91,C
1549,C
670,C
184,C
174,C
8087,C
1477,C
13193,C
10610,C
2837,C
4028,C
4031,C
1653,C
11651,C
9234,C
3550,C
6305,C
222,C
2341,C
6904,C
11496,C
6366,C
11172,C
1904,C
1466,C
7283,C
4821,C
5285,C
1307,C
13303,C
4596,C
10250,C
6967,C
588,C
402,C
11731,C
6719,C
12326,C
9675,C
11782,C
2926,C
1543,C
12526,C
7241,C
3369,C
2764,C
10097,C
11720,C
1178,C
12069,C
9788,C
11718,C
1061,C
12158,C
1186,C
7107,C
8743,C
9734,C
5170,C
6612,C
10968,C
7203,C
6690,C
11842,C
9482,C
9885,C
7482,C
1868,C
11098,C
9631,C
8796,C
7022,C
1453,C
8055,C
11482,C
469,C
960,C
5377,C
9603,C
2243,C
10715,C
1873,C
8220,C
5001,C
7821,C
7729,C
1681,C
6575,C
12706,C
3374,C
1140,C
1018,C
8383,C
1742,C
186,C
7822,C
9451,C
9215,C
12325,C
4171,C
12611,C
3856,C
8551,C
8845,C
1744,C
4982,C
12310,C
11829,C
13006,C
2444,C
6056,C
3640,C
3496,C
9039,C
7684,C
7505,C
8009,C
1160,C
9730,C
2367,C
12146,C
12083,C
905,C
3151,C
1764,C
1537,C
7757,C
10092,C
11224,C
7361,C
11901,C
5168,C
5157,C
9564,C
2186,C
5317,C
10920,C
10539,C
271,C
2462,C
3029,C
12549,C
13389,C
12077,C
8339,C
2791,C
12649,C
7932,C
13276,C
2758,C
429,C
5352,C
5576,C
5514,C
8442,C
7975,C
7553,C
11878,C
6343,C
9792,C
6866,C
610,C
10231,C
6293,C
12480,C
2354,C
2996,C
10709,C
3343,C
3277,C
2085,C
604,C
6884,C
936,C
13235,C
7313,C
9593,C
2079,C
331,C
13052,C
9569,C
13167,C
4747,C
9013,C
6989,C
10358,C
8905,C
5384,C
2209,C
11122,C
11955,C
4799,C
5661,C
5295,C
146,C
1082,C
9454,C
3912,C
5758,C
11534,C
5794,C
3607,C
928,C
10301,C
8903,C
3442,C
8578,C
1693,C
2346,C
9316,C
1512,C
10656,C
9068,C
13352,C
3131,C
12545,C
1417,C
148,C
9516,C
10858,C
2347,C
6996,C
6180,C
2227,C
5021,C
8156,C
9591,C
7510,C
10337,C
2351,C
1923,C
2184,C
3602,C
2510,C
2006,C
609,C
6246,C
7394,C
465,C
10320,C
7058,C
4158,C
5261,C
7798,C
7094,C
3319,C
653,C
1852,C
12191,C
10465,C
1065,C
8997,C
12956,C
11459,C
6424,C
6851,C
5832,C
931,C
11091,C
5715,C
1517,C
3139,C
4290,C
9209,C
6458,C
10006,C
2648,C
101,C
3589,C
12677,C
3157,C
2159,C
5681,C
12065,C
11412,C
3257,C
1520,C
2090,C
8121,C
2890,C
6196,C
5019,C
6119,C
1953,C
3600,C
13365,C
12373,C
9098,C
1046,C
11019,C
12903,C
7257,C
11975,C
560,C
13056,C
3563,C
2829,C
9381,C
9154,C
13177,C
3647,C
1208,C
12914,C
6494,C
57,C
4810,C
58,C
7106,C
302,C
6625,C
5419,C
2463,C
7686,C
7367,C
7358,C
5975,C
9229,C
4033,C
2088,C
6427,C
11077,C
6958,C
1084,C
5479,C
9849,C
3337,C
11857,C
10255,C
12804,C
7862,C
5827,C
7547,C
3284,C
9355,C
8245,C
13143,C
3438,C
9939,C
13107,C
4030,C
11613,C
10127,C
11807,C
8772,C
843,C
12335,C
11544,C
3002,C
6467,C
10433,C
11338,C
13003,C
6128,C
6025,C
793,C
12390,C
12186,C
8127,C
2262,C
1908,C
10672,C
2336,C
13234,C
6959,C
11016,C
11490,C
9696,C
3617,C
11752,C
660,C
12976,C
6126,C
9978,C
12397,C
8223,C
2450,C
5357,C
7386,C
10898,C
12642,C
870,C
10962,C
1016,C
569,C
3543,C
12631,C
6106,C
12500,C
373,C
6588,C
8053,C
9040,C
8647,C
7534,C
2009,C
10108,C
1601,C
6125,C
9570,C
10089,C
1446,C
9392,C
760,C
11796,C
10228,C
1109,C
3186,C
3443,C
6113,C
8729,C
5050,C
11770,C
5854,C
9842,C
6359,C
7050,C
491,C
3023,C
9563,C
4137,C
12900,C
10941,C
12960,C
6698,C
649,C
4928,C
5470,C
4354,C
8585,C
1794,C
5561,C
11888,C
3,C
2723,C
1973,C
6234,C
8856,C
11716,C
3047,C
8923,C
13142,C
11262,C
6819,C
4023,C
10561,C
2711,C
6004,C
1337,C
12625,C
12021,C
1378,C
11604,C
1142,C
4648,C
3993,C
12806,C
8084,C
634,C
12866,C
7568,C
8884,C
10393,C
3482,C
254,C
12890,C
1959,C
4152,C
3242,C
7376,C
8802,C
11827,C
2438,C
11018,C
4082,C
4491,C
6957,C
9807,C
8661,C
2699,C
7347,C
1187,C
11317,C
958,C
1121,C
5798,C
9276,C
12341,C
2046,C
9582,C
3510,C
10116,C
9249,C
7537,C
11335,C
12796,C
11130,C
1360,C
915,C
6320,C
3287,C
946,C
2707,C
5320,C
12607,C
6340,C
12972,C
10879,C
486,C
5166,C
170,C
5822,C
11711,C
4248,C
12433,C
9661,C
116,C
10943,C
1038,C
8897,C
3861,C
7638,C
6601,C
7920,C
857,C
12823,C
3195,C
8048,C
9589,C
551,C
4355,C
5706,C
10706,C
4759,C
5194,C
1779,C
1631,C
8415,C
12017,C
8178,C
10306,C
13170,C
11392,C
12558,C
6153,C
5554,C
9216,C
10350,C
9981,C
12861,C
12358,C
2208,C
13298,C
10850,C
5948,C
13326,C
1076,C
8571,C
8561,C
9025,C
6554,C
1063,C
290,C
1131,C
485,C
10693,C
12201,C
6352,C
1066,C
3882,C
355,C
1787,C
1865,C
1230,C
1879,C
12773,C
11260,C
9150,C
10067,C
4873,C
7136,C
9879,C
9621,C
1903,C
4595,C
5703,C
9292,C
956,C
5961,C
3478,C
2635,C
11382,C
10983,C
5027,C
2690,C
1576,C
8882,C
8166,C
12125,C
17,C
2858,C
4681,C
3344,C
4900,C
279,C
5895,C
5999,C
9629,C
338,C
7814,C
5375,C
9509,C
1497,C
7274,C
7496,C
8041,C
3866,C
11210,C
427,C
6772,C
6595,C
4186,C
11830,C
6743,C
2082,C
2388,C
7596,C
12936,C
6256,C
12236,C
10885,C
1977,C
11032,C
7574,C
6158,C
4852,C
11961,C
6725,C
11035,C
3219,C
9281,C
2972,C
5461,C
11741,C
9943,C
5911,C
2595,C
9283,C
1040,C
2992,C
437,C
9218,C
6254,C
8380,C
4057,C
3880,C
7813,C
2480,C
2995,C
1284,C
6163,C
2722,C
8760,C
10896,C
7012,C
295,C
2908,C
4926,C
12826,C
8248,C
10831,C
6599,C
7445,C
11686,C
7544,C
1463,C
12193,C
6034,C
2531,C
13144,C
4255,C
11399,C
4649,C
828,C
6603,C
4326,C
110,C
8206,C
6292,C
13085,C
7095,C
6564,C
13103,C
451,C
3434,C
1786,C
12867,C
1815,C
5877,C
1668,C
6539,C
8157,C
6727,C
2666,C
7605,C
1876,C
5342,C
13257,C
2312,C
10381,C
210,C
10611,C
1089,C
9408,C
98,C
350,C
4478,C
10015,C
8159,C
5537,C
9416,C
4879,C
4276,C
10912,C
10039,C
8671,C
5181,C
1450,C
10361,C
1939,C
2008,C
2612,C
2715,C
4868,C
4752,C
2742,C
9018,C
9909,C
6596,C
4702,C
2135,C
10986,C
2298,C
5653,C
5658,C
10068,C
8926,C
6997,C
8723,C
26,C
8808,C
5853,C
13173,C
829,C
4573,C
5225,C
6522,C
11213,C
5385,C
11758,C
11448,C
3266,C
740,C
8532,C
6336,C
8747,C
7433,C
1139,C
2230,C
4605,C
4182,C
4976,C
10773,C
7079,C
3392,C
8924,C
12414,C
325,C
8710,C
6090,C
7416,C
4208,C
12906,C
8096,C
11053,C
10349,C
8971,C
7073,C
1348,C
12580,C
1823,C
5216,C
9590,C
6215,C
4189,C
1955,C
11253,C
3201,C
9396,C
10210,C
7070,C
1734,C
7225,C
2407,C
8696,C
3687,C
11997,C
3945,C
1490,C
8502,C
3401,C
9821,C
3980,C
6736,C
9614,C
12022,C
8824,C
10813,C
13288,C
7348,C
1680,C
12150,C
5694,C
2052,C
1654,C
12408,C
8783,C
11446,C
12637,C
6622,C
6768,C
10219,C
7802,C
6739,C
12085,C
2246,C
11422,C
5931,C
8594,C
5540,C
3962,C
9467,C
4663,C
4174,C
424,C
1905,C
10736,C
5206,C
12164,C
10334,C
12655,C
12850,C
11612,C
11732,C
1447,C
2205,C
7919,C
4647,C
5637,C
8524,C
8861,C
9081,C
5565,C
10801,C
5304,C
11566,C
1937,C
4497,C
11871,C
11288,C
5835,C
953,C
2747,C
9061,C
13307,C
10914,C
8317,C
6693,C
2509,C
10927,C
13232,C
6235,C
3586,C
7360,C
2307,C
6335,C
6274,C
7417,C
7785,C
7953,C
11598,C
5215,C
11615,C
12071,C
5933,C
5942,C
8325,C
3830,C
3582,C
6277,C
12777,C
10585,C
11629,C
6425,C
9762,C
10085,C
600,C
4546,C
723,C
2835,C
8244,C
10524,C
251,C
6485,C
10345,C
6141,C
7931,C
9147,C
32,C
10668,C
11400,C
3787,C
11755,C
12851,C
3471,C
2178,C
6925,C
8262,C
712,C
11937,C
8801,C
1553,C
10153,C
6471,C
9786,C
818,C
10270,C
2891,C
3777,C
2736,C
5600,C
12183,C
11330,C
4716,C
1763,C
2704,C
10993,C
13098,C
132,C
1023,C
9510,C
1951,C
12108,C
942,C
13329,C
10572,C
12780,C
5387,C
5577,C
7621,C
12133,C
4872,C
5043,C
3992,C
4816,C
5266,C
9965,C
3975,C
6137,C
4744,C
12255,C
8217,C
1566,C
10402,C
6577,C
1723,C
6783,C
5499,C
12819,C
5316,C
449,C
4321,C
5303,C
2746,C
4709,C
9508,C
11896,C
1028,C
9882,C
13035,C
9296,C
714,C
9777,C
129,C
9804,C
13250,C
8075,C
4474,C
11625,C
7964,C
13010,C
1966,C
1049,C
983,C
5839,C
2734,C
3331,C
1119,C
5214,C
2285,C
13293,C
3604,C
12261,C
10731,C
8938,C
6963,C
7957,C
8398,C
10155,C
4813,C
3843,C
4100,C
10963,C
2167,C
11576,C
15,C
5925,C
6495,C
6742,C
4720,C
3422,C
476,C
4951,C
12461,C
613,C
9763,C
7619,C
4361,C
7725,C
5921,C
1751,C
9163,C
11181,C
11173,C
10564,C
12082,C
5724,C
6100,C
9003,C
10658,C
7908,C
1765,C
12640,C
8675,C
2874,C
11954,C
7446,C
1628,C
12382,C
4210,C
2373,C
11180,C
927,C
2866,C
7740,C
5968,C
3095,C
10416,C
9491,C
9554,C
5315,C
2357,C
9425,C
8366,C
7737,C
4468,C
5328,C
3322,C
1579,C
12947,C
5062,C
4419,C
3877,C
4890,C
694,C
5030,C
5954,C
9254,C
9484,C
223,C
2686,C
2808,C
2601,C
12733,C
598,C
952,C
4205,C
5644,C
11272,C
3971,C
12144,C
4013,C
11969,C
8673,C
10588,C
9470,C
4965,C
8691,C
11725,C
8625,C
7897,C
3234,C
10154,C
9828,C
5793,C
12469,C
3454,C
139,C
4552,C
11191,C
10800,C
7855,C
7979,C
10760,C
1708,C
5274,C
10859,C
12378,C
10710,C
4958,C
10147,C
1942,C
2260,C
9666,C
1605,C
3340,C
4738,C
12833,C
1,C
12320,C
12663,C
12511,C
1359,C
5444,C
8375,C
1176,C
8773,C
1608,C
5789,C
5306,C
9443,C
1655,C
2251,C
6529,C
324,C
10775,C
11565,C
12563,C
4571,C
734,C
6756,C
9855,C
3938,C
1117,C
1127,C
1559,C
6952,C
7172,C
12032,C
7723,C
3162,C
3226,C
2879,C
8565,C
9655,C
11142,C
10566,C
8323,C
7708,C
6469,C
13225,C
9095,C
3562,C
4792,C
4332,C
7906,C
11078,C
957,C
320,C
12989,C
4628,C
4400,C
9073,C
10329,C
3308,C
4086,C
2781,C
9413,C
43,C
7599,C
7365,C
259,C
7175,C
5583,C
9814,C
675,C
9070,C
1828,C
13350,C
11600,C
9335,C
6473,C
2750,C
2844,C
8520,C
9995,C
4745,C
3763,C
987,C
11245,C
1675,C
257,C
5038,C
13069,C
1642,C
4551,C
3914,C
10581,C
10412,C
10266,C
3560,C
1582,C
12741,C
11695,C
3890,C
6380,C
7836,C
10602,C
10674,C
1420,C
9202,C
10140,C
996,C
2433,C
11211,C
12285,C
5144,C
2861,C
3976,C
6813,C
1069,C
1471,C
5939,C
11835,C
4379,C
12159,C
6255,C
2849,C
414,C
5502,C
3608,C
10093,C
13053,C
11476,C
2903,C
4563,C
5035,C
13070,C
1027,C
3920,C
6373,C
5142,C
4969,C
6493,C
9233,C
13265,C
5886,C
6602,C
3963,C
7715,C
8085,C
1753,C
1280,C
5012,C
3289,C
2994,C
12924,C
8529,C
3204,C
4736,C
2843,C
3977,C
10575,C
13137,C
11409,C
9367,C
6095,C
973,C
2893,C
12384,C
9180,C
6267,C
12982,C
9284,C
10017,C
10979,C
2419,C
1231,C
10618,C
755,C
12435,C
3949,C
6907,C
4222,C
5651,C
7369,C
8216,C
61,C
9245,C
2588,C
6943,C
5796,C
8378,C
7572,C
954,C
9055,C
5675,C
3459,C
8720,C
1209,C
11691,C
8228,C
4634,C
9027,C
9499,C
3535,C
10200,C
3041,C
7795,C
7041,C
8168,C
6062,C
5801,C
11043,C
4038,C
2626,C
943,C
7485,C
7331,C
12834,C
4293,C
2056,C
10619,C
2201,C
1051,C
8146,C
9586,C
3293,C
3137,C
12969,C
7570,C
13058,C
4466,C
9760,C
866,C
1135,C
2827,C
10555,C
7396,C
9924,C
10237,C
11514,C
8476,C
6089,C
1289,C
9077,C
12215,C
9969,C
2024,C
11200,C
9189,C
4451,C
11776,C
4015,C
3000,C
3492,C
924,C
9305,C
1859,C
3630,C
6313,C
44,C
12396,C
11007,C
10988,C
7542,C
4867,C
10224,C
3541,C
8834,C
1162,C
4114,C
9262,C
10447,C
651,C
12541,C
11928,C
8604,C
1577,C
2956,C
6405,C
3916,C
8033,C
1917,C
11263,C
10862,C
8240,C
8979,C
7978,C
10597,C
8036,C
12920,C
10284,C
7916,C
7216,C
11759,C
1236,C
4940,C
8680,C
6975,C
3835,C
10470,C
12095,C
12657,C
2832,C
6750,C
8535,C
5428,C
4931,C
11601,C
5079,C
5330,C
9870,C
7220,C
1242,C
10681,C
7764,C
6407,C
8199,C
8150,C
5932,C
237,C
571,C
12979,C
12276,C
8441,C
2139,C
688,C
1648,C
9080,C
9739,C
12905,C
12949,C
1979,C
8748,C
422,C
4243,C
10583,C
2624,C
8124,C
9272,C
11645,C
7104,C
3436,C
1851,C
8823,C
4387,C
851,C
10069,C
1445,C
1500,C
13353,C
9624,C
8154,C
252,C
5413,C
4737,C
4677,C
12577,C
11881,C
9880,C
6484,C
8026,C
11839,C
11825,C
1720,C
9504,C
4814,C
1326,C
8945,C
10455,C
4296,C
5590,C
392,C
8275,C
8889,C
1393,C
9839,C
1133,C
10747,C
377,C
9177,C
250,C
11022,C
5286,C
9917,C
300,C
2571,C
11801,C
4112,C
9669,C
6670,C
3654,C
12303,C
6251,C
1151,C
10080,C
2356,C
1204,C
6022,C
6410,C
1663,C
4226,C
989,C
2591,C
3310,C
7835,C
8377,C
9940,C
10430,C
1381,C
9106,C
11014,C
4920,C
7008,C
6249,C
2314,C
5606,C
12452,C
11275,C
10631,C
6642,C
9773,C
405,C
9915,C
1706,C
1008,C
10404,C
4795,C
2536,C
8952,C
8810,C
12571,C
4262,C
12676,C
12328,C
7045,C
2435,C
2359,C
11450,C
8542,C
10338,C
9693,C
10908,C
5313,C
10088,C
10187,C
7030,C
3250,C
8739,C
9964,C
5039,C
12008,C
12896,C
2524,C
8650,C
470,C
12738,C
8546,C
4253,C
8555,C
8569,C
74,C
3969,C
6878,C
5471,C
4095,C
3932,C
13113,C
6759,C
9840,C
9248,C
10133,C
478,C
5519,C
1508,C
8256,C
582,C
12018,C
10010,C
8653,C
9689,C
9406,C
13073,C
2753,C
11179,C
2078,C
1585,C
9222,C
3599,C
113,C
1856,C
12693,C
3313,C
2913,C
5592,C
10163,C
10779,C
171,C
3810,C
7654,C
7620,C
4584,C
12155,C
10702,C
8297,C
12774,C
12356,C
10649,C
11979,C
12336,C
8151,C
515,C
4892,C
219,C
417,C
7990,C
1891,C
863,C
1455,C
856,C
4012,C
11188,C
332,C
8570,C
11814,C
5608,C
10856,C
11306,C
12013,C
12185,C
2289,C
13110,C
5819,C
6112,C
10764,C
118,C
7772,C
8255,C
8787,C
9017,C
2063,C
5943,C
150,C
359,C
11427,C
1029,C
5172,C
678,C
11873,C
2332,C
10976,C
13221,C
12585,C
3376,C
3325,C
3537,C
9108,C
10316,C
7393,C
5563,C
8060,C
6638,C
6084,C
1978,C
9605,C
11495,C
5006,C
6563,C
298,C
9479,C
10562,C
5339,C
12517,C
4191,C
5884,C
6099,C
8163,C
11788,C
8697,C
339,C
2839,C
1883,C
3538,C
6892,C
2096,C
7450,C
11258,C
5259,C
1857,C
12599,C
408,C
13162,C
8486,C
11339,C
9263,C
7149,C
614,C
3396,C
5335,C
3120,C
8506,C
12539,C
10629,C
455,C
8531,C
3750,C
3233,C
8688,C
6720,C
3697,C
10283,C
8417,C
7096,C
1822,C
6981,C
9310,C
2873,C
5257,C
5627,C
6562,C
9480,C
6909,C
6933,C
13209,C
12130,C
9212,C
10463,C
10771,C
12869,C
1670,C
8541,C
10757,C
11120,C
10798,C
12698,C
10378,C
4488,C
2748,C
10060,C
698,C
7507,D
1153,D
9117,D
13093,D
10955,D
10906,D
9343,D
842,D
5811,D
10315,D
4991,D
5946,D
766,D
11104,D
5955,D
1791,D
3397,D
1193,D
3315,D
7907,D
4669,D
11554,D
3733,D
3262,D
12626,D
6623,D
3626,D
349,D
11733,D
10586,D
9818,D
12755,D
10847,D
10530,D
11773,D
2607,D
6860,D
11227,D
2421,D
13096,D
6694,D
12543,D
10049,D
12134,D
7242,D
3500,D
2902,D
6804,D
1253,D
4116,D
4395,D
3734,D
12101,D
8741,D
6001,D
10517,D
9052,D
3040,D
2871,D
7413,D
6409,D
2592,D
9169,D
3063,D
4682,D
9303,D
9463,D
6992,D
154,D
2940,D
5469,D
12678,D
10624,D
1842,D
2422,D
7087,D
11037,D
13366,D
12750,D
8120,D
3620,D
12569,D
11680,D
6384,D
7161,D
11636,D
7891,D
1152,D
3767,D
12805,D
7669,D
8004,D
12254,D
7114,D
1783,D
2074,D
8759,D
9289,D
5472,D
8277,D
9923,D
6941,D
10071,D
4418,D
8929,D
7085,D
12736,D
11551,D
5813,D
6911,D
1661,D
7650,D
6873,D
3579,D
3690,D
6218,D
2269,D
1793,D
11559,D
1185,D
10363,D
5283,D
12070,D
10904,D
2070,D
7882,D
5312,D
2442,D
8135,D
12221,D
4107,D
6705,D
6605,D
12369,D
2220,D
11062,D
1957,D
1385,D
10553,D
3366,D
7355,D
4350,D
3073,D
9391,D
3170,D
3008,D
4471,D
4640,D
13380,D
13015,D
597,D
7013,D
12930,D
13106,D
2670,D
1740,D
2851,D
4441,D
12808,D
11836,D
1134,D
9944,D
1229,D
10467,D
4273,D
3544,D
4409,D
6091,D
5650,D
347,D
2217,D
3527,D
3709,D
3655,D
10176,D
5380,D
10701,D
10640,D
7670,D
6244,D
334,D
6145,D
3575,D
12730,D
5455,D
6018,D
8112,D
4914,D
4712,D
11980,D
7761,D
11809,D
11044,D
7289,D
1563,D
3205,D
7408,D
3879,D
3800,D
9677,D
9069,D
4701,D
7455,D
2596,D
9824,D
6584,D
3609,D
7374,D
5107,D
240,D
12763,D
5175,D
1920,D
8092,D
5534,D
2434,D
9026,D
7300,D
12173,D
12472,D
5072,D
76,D
5017,D
10307,D
7112,D
11140,D
5371,D
4026,D
7221,D
2284,D
13037,D
9626,D
5755,D
4366,D
11717,D
5913,D
6069,D
3476,D
2757,D
8933,D
8079,D
5182,D
8310,D
9076,D
3449,D
8140,D
11376,D
5015,D
10733,D
3781,D
11209,D
11981,D
5518,D
6265,D
8853,D
433,D
9074,D
3274,D
2564,D
11933,D
10403,D
2939,D
5143,D
4250,D
7253,D
5203,D
11526,D
7993,D
8153,D
4371,D
2613,D
5867,D
4592,D
4001,D
955,D
11201,D
5090,D
5621,D
10379,D
6695,D
4627,D
5403,D
4312,D
11527,D
12385,D
4494,D
5112,D
2493,D
9340,D
12809,D
969,D
107,D
12139,D
7742,D
8864,D
10012,D
9548,D
5201,D
5632,D
9903,D
6361,D
9492,D
8734,D
8175,D
1556,D
3154,D
10383,D
7438,D
7234,D
9541,D
3458,D
8754,D
5102,D
6302,D
10101,D
2030,D
11445,D
11670,D
2692,D
11654,D
3700,D
3489,D
11349,D
6127,D
126,D
10384,D
7901,D
4831,D
612,D
1002,D
542,D
2445,D
10985,D
1707,D
2529,D
6811,D
7351,D
12351,D
10643,D
3349,D
4891,D
12250,D
5404,D
763,D
3616,D
8029,D
9352,D
462,D
3009,D
7809,D
4339,D
8462,D
1022,D
9257,D
6046,D
11603,D
1291,D
8250,D
3735,D
7683,D
9800,D
5623,D
11708,D
9979,D
11011,D
4599,D
937,D
7457,D
544,D
9364,D
7380,D
12925,D
5333,D
3043,D
9091,D
684,D
4970,D
12891,D
12946,D
9434,D
8573,D
13203,D
12364,D
11573,D
2778,D
11261,D
5643,D
11889,D
5136,D
11815,D
5237,D
8523,D
6629,D
10045,D
10982,D
9679,D
9313,D
12355,D
3694,D
3745,D
12102,D
6620,D
3603,D
9707,D
12712,D
7362,D
6636,D
4668,D
7555,D
12316,D
7890,D
9732,D
885,D
4227,D
1991,D
3632,D
8430,D
11678,D
6934,D
8646,D
12258,D
9841,D
3475,D
3037,D
5130,D
1799,D
1443,D
585,D
11945,D
8771,D
6728,D
66,D
4215,D
2288,D
11246,D
12588,D
2169,D
4094,D
11693,D
6003,D
5767,D
12440,D
1933,D
3845,D
5660,D
4909,D
215,D
4927,D
12200,D
4365,D
541,D
3785,D
11744,D
10289,D
2494,D
4758,D
4383,D
2439,D
4241,D
12479,D
11780,D
6730,D
13147,D
3462,D
2362,D
3874,D
12915,D
2610,D
3304,D
6846,D
11116,D
5082,D
7270,D
3507,D
10106,D
10944,D
6824,D
1934,D
8017,D
9772,D
7317,D
9001,D
9450,D
11784,D
8131,D
2745,D
8289,D
2937,D
10810,D
4641,D
3514,D
11882,D
7623,D
7845,D
12898,D
729,D
9580,D
13019,D
9617,D
11070,D
6818,D
9778,D
8814,D
5543,D
479,D
4695,D
5164,D
8838,D
60,D
2633,D
10804,D
8859,D
2430,D
9858,D
7049,D
3707,D
104,D
12197,D
2041,D
11833,D
8363,D
12363,D
7031,D
4234,D
346,D
6995,D
6593,D
10372,D
6788,D
13375,D
7151,D
1155,D
12457,D
12274,D
500,D
10686,D
2466,D
395,D
7937,D
12682,D
6830,D
3519,D
10945,D
7243,D
13092,D
8630,D
5364,D
8986,D
9628,D
12802,D
2097,D
5437,D
3493,D
28,D
1315,D
8209,D
372,D
10825,D
536,D
9094,D
8702,D
4277,D
11125,D
2741,D
10392,D
7108,D
3084,D
2212,D
59,D
6604,D
4897,D
12112,D
4575,D
3485,D
3295,D
12789,D
7775,D
10226,D
11038,D
4019,D
12648,D
11743,D
7333,D
11436,D
7129,D
23,D
5340,D
10502,D
9377,D
4975,D
12129,D
8762,D
7017,D
2731,D
13048,D
4315,D
11031,D
6816,D
6108,D
6703,D
1574,D
406,D
7066,D
4039,D
12429,D
6714,D
3713,D
2803,D
9382,D
75,D
12295,D
8525,D
797,D
9307,D
4788,D
12708,D
3873,D
10073,D
9442,D
5515,D
11058,D
669,D
9172,D
4143,D
11479,D
7831,D
3199,D
2166,D
10508,D
9353,D
7514,D
266,D
5218,D
7006,D
10217,D
9060,D
758,D
1373,D
6437,D
10951,D
10651,D
5488,D
5748,D
6782,D
3997,D
6456,D
11792,D
719,D
13327,D
7307,D
7181,D
5739,D
9529,D
8667,D
12991,D
7238,D
6283,D
9860,D
12644,D
10204,D
4229,D
4538,D
8867,D
9941,D
11374,D
7582,D
9635,D
4304,D
10753,D
3352,D
784,D
8290,D
6877,D
10822,D
2256,D
3491,D
2679,D
289,D
1261,D
8552,D
3413,D
1604,D
3096,D
8988,D
2380,D
12160,D
6238,D
3611,D
5227,D
9119,D
12857,D
11753,D
6054,D
8862,D
6594,D
10784,D
9957,D
1510,D
3903,D
6185,D
3691,D
1790,D
10275,D
898,D
9774,D
1093,D
2003,D
8617,D
1361,D
12471,D
4696,D
12784,D
3711,D
2183,D
2630,D
6927,D
8422,D
4572,D
5121,D
2568,D
11960,D
2287,D
1213,D
10860,D
12863,D
6729,D
5551,D
1163,D
4519,D
4733,D
10749,D
11875,D
379,D
10037,D
7412,D
7403,D
13266,D
12938,D
769,D
8130,D
12280,D
3155,D
10113,D
6973,D
5273,D
581,D
6823,D
7,D
1656,D
3957,D
5844,D
1952,D
2586,D
11518,D
8715,D
10132,D
2941,D
2175,D
1086,D
3379,D
11114,D
8993,D
10815,D
5973,D
9746,D
4380,D
11494,D
8283,D
3027,D
7077,D
10638,D
7303,D
8384,D
12668,D
11367,D
8875,D
8319,D
1020,D
3786,D
1694,D
8683,D
3276,D
3156,D
6041,D
7435,D
703,D
6610,D
8711,D
3815,D
10928,D
13332,D
12535,D
11885,D
12188,D
10969,D
10805,D
3605,D
6845,D
13197,D
12516,D
12131,D
8597,D
3178,D
4686,D
7962,D
9811,D
11521,D
369,D
4964,D
9062,D
9642,D
6919,D
9742,D
13330,D
6459,D
5365,D
1458,D
8352,D
7401,D
656,D
12765,D
5556,D
3062,D
11647,D
8307,D
1591,D
13281,D
6704,D
11861,D
2418,D
10823,D
8918,D
4168,D
3881,D
2223,D
716,D
6040,D
7430,D
4161,D
12878,D
8615,D
7735,D
1558,D
13343,D
358,D
1000,D
12941,D
738,D
9633,D
2948,D
9298,D
8974,D
5527,D
6412,D
9705,D
12206,D
1059,D
34,D
1256,D
9881,D
7807,D
7887,D
5743,D
3966,D
13360,D
6803,D
9781,D
12889,D
4267,D
8016,D
3669,D
7726,D
5983,D
7546,D
1044,D
7033,D
4680,D
4119,D
1195,D
1262,D
3083,D
2735,D
1297,D
835,D
11650,D
919,D
9432,D
248,D
944,D
12596,D
11500,D
11489,D
9341,D
1442,D
12286,D
7230,D
3193,D
5408,D
1380,D
10670,D
12514,D
9079,D
11009,D
8197,D
10799,D
12061,D
8491,D
8231,D
10534,D
194,D
4159,D
11076,D
2072,D
268,D
997,D
13165,D
6239,D
4676,D
904,D
11175,D
8201,D
4783,D
1007,D
2649,D
499,D
8431,D
5134,D
12732,D
12253,D
7373,D
1768,D
1367,D
5539,D
11368,D
2221,D
11772,D
1665,D
6377,D
7086,D
2210,D
3418,D
12963,D
2755,D
3333,D
4637,D
7144,D
1313,D
11599,D
5571,D
8797,D
1333,D
1364,D
5992,D
9577,D
7398,D
8259,D
8013,D
6142,D
1839,D
2910,D
6341,D
11083,D
3625,D
10734,D
4149,D
11734,D
2542,D
12279,D
7781,D
11415,D
8298,D
9336,D
3125,D
1870,D
12231,D
5859,D
10754,D
587,D
12567,D
3358,D
4481,D
3070,D
7747,D
4093,D
3619,D
10003,D
6354,D
1685,D
1985,D
11336,D
3010,D
5370,D
367,D
3862,D
11797,D
5550,D
10387,D
3146,D
7984,D
8539,D
12423,D
833,D
6129,D
806,D
2431,D
5076,D
12025,D
8504,D
10923,D
5152,D
11182,D
7405,D
9801,D
10174,D
3951,D
11977,D
1413,D
5568,D
11069,D
1647,D
8229,D
12801,D
1199,D
12152,D
13042,D
8005,D
7904,D
10582,D
8007,D
9089,D
5077,D
10878,D
12679,D
673,D
2237,D
3917,D
11381,D
4801,D
8488,D
7100,D
3551,D
12195,D
4523,D
8164,D
8582,D
8083,D
998,D
775,D
7531,D
9279,D
6229,D
5347,D
7766,D
11424,D
12505,D
7052,D
1770,D
6327,D
7566,D
9359,D
10594,D
4959,D
5129,D
2516,D
737,D
7229,D
5808,D
7372,D
10981,D
9731,D
2511,D
2526,D
8679,D
6662,D
4009,D
12297,D
12266,D
2993,D
1554,D
5737,D
527,D
4483,D
683,D
1325,D
11046,D
7025,D
8392,D
8357,D
10346,D
6831,D
2443,D
10282,D
12568,D
7388,D
3058,D
7072,D
261,D
2929,D
9297,D
3601,D
6547,D
2998,D
413,D
8948,D
2636,D
10788,D
8102,D
3888,D
6869,D
10162,D
2478,D
8117,D
5740,D
2497,D
10921,D
7109,D
10846,D
3524,D
4508,D
5223,D
3936,D
145,D
7758,D
10234,D
8350,D
6944,D
4754,D
12427,D
9789,D
8943,D
2214,D
5934,D
680,D
11243,D
12528,D
2274,D
12912,D
3867,D
1409,D
2631,D
2932,D
78,D
7981,D
10533,D
6393,D
9445,D
1138,D
11703,D
2283,D
4908,D
9660,D
5669,D
5711,D
10776,D
4857,D
11324,D
7965,D
4517,D
3432,D
11195,D
869,D
10922,D
5634,D
2821,D
6436,D
3941,D
9894,D
9562,D
1950,D
686,D
11145,D
8776,D
9836,D
10442,D
2872,D
9374,D
4349,D
8835,D
11617,D
1237,D
8078,D
12483,D
9034,D
11474,D
10052,D
2504,D
1738,D
6337,D
4566,D
2826,D
1596,D
2240,D
2372,D
1060,D
11299,D
11786,D
11689,D
516,D
5440,D
5702,D
6031,D
5562,D
4216,D
10172,D
3053,D
6236,D
41,D
8452,D
1406,D
7659,D
7038,D
883,D
6181,D
12560,D
8067,D
7357,D
9259,D
12366,D
6044,D
7634,D
11694,D
13062,D
5771,D
8260,D
4457,D
12606,D
10913,D
10245,D
11478,D
1717,D
2482,D
5504,D
1869,D
1448,D
12099,D
9294,D
2672,D
903,D
2525,D
12515,D
8992,D
639,D
4498,D
6926,D
13009,D
10679,D
5523,D
2582,D
8434,D
12317,D
10144,D
2069,D
9615,D
6696,D
6442,D
10285,D
1292,D
4421,D
1226,D
1174,D
5105,D
4947,D
8591,D
4177,D
11917,D
574,D
6392,D
7639,D
4689,D
9146,D
5548,D
1785,D
12175,D
198,D
4464,D
12321,D
3172,D
12004,D
11266,D
11322,D
7463,D
5190,D
5268,D
8568,D
2400,D
10632,D
1391,D
2428,D
1365,D
2391,D
7829,D
5513,D
9970,D
9485,D
1438,D
3188,D
8134,D
11652,D
6382,D
9075,D
11176,D
5300,D
3968,D
4231,D
1730,D
9834,D
1311,D
8349,D
4053,D
3057,D
6913,D
4450,D
1752,D
13381,D
4766,D
971,D
11681,D
2301,D
8354,D
8913,D
5977,D
1210,D
3970,D
1635,D
9220,D
9439,D
8348,D
3466,D
5738,D
2920,D
5204,D
1643,D
3732,D
8811,D
188,D
11030,D
5272,D
4994,D
608,D
9022,D
8336,D
8379,D
10417,D
9476,D
10989,D
9975,D
3326,D
10881,D
713,D
5728,D
6986,D
10933,D
12538,D
11907,D
699,D
850,D
7530,D
12771,D
4984,D
4021,D
284,D
12723,D
3922,D
8308,D
7201,D
11256,D
1351,D
9652,D
2694,D
2080,D
9636,D
1310,D
3794,D
8662,D
538,D
2148,D
5731,D
5160,D
7469,D
11723,D
1317,D
1594,D
8545,D
7972,D
1149,D
893,D
11581,D
11225,D
1035,D
13323,D
3446,D
11918,D
3026,D
12464,D
1867,D
12632,D
5140,D
8133,D
2236,D
385,D
3869,D
2137,D
10867,D
12059,D
8008,D
2119,D
3307,D
2142,D
5242,D
9930,D
3263,D
12379,D
5314,D
4608,D
10083,D
4844,D
2276,D
5984,D
5008,D
10236,D
999,D
1728,D
5197,D
7322,D
8453,D
12836,D
11217,D
6492,D
137,D
9596,D
9221,D
9057,D
9803,D
4098,D
10641,D
5806,D
8469,D
822,D
5862,D
8619,D
4756,D
5373,D
2813,D
3897,D
13316,D
10673,D
9299,D
13022,D
11008,D
11311,D
11920,D
6784,D
48,D
9522,D
8809,D
3360,D
2060,D
12880,D
4219,D
13246,D
8111,D
5185,D
10186,D
2521,D
6646,D
4833,D
2659,D
5114,D
4761,D
2669,D
12178,D
2701,D
5929,D
4055,D
10238,D
8837,D
9987,D
9992,D
6368,D
12793,D
10159,D
5125,D
7608,D
9722,D
4500,D
1390,D
10128,D
4536,D
6924,D
11419,D
2551,D
11442,D
12613,D
3375,D
12664,D
3931,D
11683,D
964,D
5193,D
13320,D
1816,D
13071,D
9531,D
10335,D
5004,D
6263,D
8219,D
11963,D
12119,D
6550,D
6387,D
8138,D
5022,D
4979,D
10756,D
4621,D
7595,D
9684,D
12137,D
2427,D
8273,D
980,D
9618,D
2876,D
1091,D
7134,D
7717,D
2105,D
7799,D
5663,D
7139,D
12885,D
5779,D
10111,D
9130,D
6391,D
13097,D
10280,D
4830,D
4401,D
8329,D
9710,D
5422,D
9515,D
1428,D
4374,D
13018,D
4447,D
3409,D
10434,D
5191,D
8589,D
4265,D
824,D
11530,D
3371,D
386,D
12825,D
7032,D
2632,D
10134,D
3593,D
9741,D
9453,D
1699,D
5953,D
2684,D
12015,D
6015,D
3377,D
9195,D
2061,D
8965,D
5480,D
6077,D
4944,D
720,D
12446,D
12584,D
5394,D
8873,D
9334,D
152,D
1689,D
4748,D
1756,D
11493,D
5240,D
11237,D
4587,D
4495,D
3782,D
9553,D
12422,D
4070,D
10479,D
804,D
7436,D
6332,D
10297,D
2328,D
425,D
13302,D
7377,D
861,D
6949,D
4336,D
11934,D
9583,D
1165,D
4856,D
8158,D
10343,D
780,D
2593,D
6822,D
9887,D
11013,D
3182,D
6152,D
10509,D
5863,D
879,D
11624,D
4863,D
5046,D
9148,D
3865,D
6518,D
12093,D
4386,D
4939,D
5928,D
6374,D
2349,D
552,D
10774,D
991,D
12128,D
8652,D
1440,D
12602,D
4391,D
9092,D
11471,D
3825,D
1003,D
1062,D
12399,D
9874,D
1194,D
6182,D
37,D
10797,D
4839,D
1120,D
7504,D
672,D
8302,D
6918,D
5922,D
2817,D
2032,D
3826,D
9513,D
11987,D
1760,D
278,D
11832,D
7671,D
6503,D
10033,D
5141,D
10666,D
815,D
420,D
7633,D
10552,D
7870,D
7124,D
4502,D
7059,D
3999,D
342,D
10199,D
6448,D
11309,D
3089,D
5074,D
3643,D
5481,D
1087,D
623,D
921,D
9295,D
9977,D
12939,D
2229,D
1098,D
11503,D
7489,D
10298,D
2818,D
12009,D
13090,D
9797,D
7252,D
12057,D
745,D
10395,D
4412,D
731,D
3645,D
8022,D
6464,D
2273,D
4804,D
8464,D
2491,D
10336,D
4375,D
7470,D
8072,D
4425,D
9236,D
8832,D
7359,D
10001,D
6553,D
7589,D
5580,D
6097,D
12981,D
1472,D
10259,D
12289,D
12118,D
11661,D
9653,D
5494,D
5850,D
7945,D
62,D
4025,D
8470,D
13198,D
9250,D
3429,D
3531,D
477,D
1114,D
8624,D
5178,D
13161,D
1562,D
1874,D
11706,D
7896,D
9670,D
5101,D
5459,D
2979,D
605,D
2111,D
10344,D
4570,D
1265,D
10817,D
4919,D
5900,D
5638,D
5700,D
12283,D
1358,D
4278,D
8142,D
11196,D
5234,D
4660,D
3425,D
1607,D
4440,D
8397,D
2376,D
13239,D
11373,D
4024,D
2195,D
8768,D
9326,D
10260,D
7473,D
2064,D
5858,D
4684,D
3929,D
7458,D
6301,D
2387,D
1613,D
10697,D
2117,D
12224,D
8498,D
5558,D
6887,D
3115,D
7528,D
2830,D
7119,D
6342,D
7111,D
8105,D
11300,D
3208,D
12503,D
3463,D
7899,D
8610,D
2483,D
7837,D
5249,D
399,D
5477,D
9910,D
2514,D
1168,D
5122,D
611,D
4703,D
6139,D
6568,D
8192,D
10890,D
11234,D
2386,D
11523,D
3565,D
7848,D
1801,D
12439,D
7471,D
3228,D
10213,D
711,D
4604,D
10376,D
9023,D
10431,D
3833,D
8995,D
7751,D
7539,D
2397,D
2756,D
4311,D
5912,D
543,D
2597,D
8874,D
4589,D
12138,D
10261,D
10165,D
434,D
4539,D
1401,D
352,D
10603,D
6155,D
2295,D
9847,D
2809,D
4126,D
7610,D
224,D
3641,D
5447,D
1971,D
12444,D
3235,D
7656,D
11350,D
1279,D
4285,D
8347,D
10966,D
9796,D
11883,D
4734,D
8513,D
11682,D
3822,D
6614,D
6640,D
2200,D
13146,D
4718,D
9863,D
7490,D
3828,D
4878,D
11886,D
2951,D
7105,D
878,D
3355,D
1090,D
4247,D
5490,D
5603,D
12456,D
7565,D
10016,D
6291,D
961,D
9627,D
3457,D
820,D
12943,D
5465,D
11028,D
10034,D
2796,D
9020,D
1518,D
7969,D
6123,D
13185,D
4750,D
12020,D
1404,D
6657,D
6723,D
8592,D
13031,D
9009,D
5532,D
5180,D
12230,D
3516,D
4328,D
124,D
4476,D
10441,D
891,D
11432,D
3905,D
7994,D
10202,D
5833,D
9886,D
12281,D
190,D
4796,D
7714,D
13319,D
10498,D
555,D
4453,D
847,D
12117,D
12530,D
1886,D
7940,D
7540,D
12430,D
11174,D
8247,D
5647,D
2000,D
7255,D
3887,D
5708,D
9654,D
10544,D
7273,D
10669,D
1321,D
2062,D
11557,D
11789,D
7334,D
4509,D
5400,D
2673,D
4636,D
3456,D
12078,D
8414,D
2767,D
8939,D
11729,D
5719,D
4812,D
9042,D
11185,D
5761,D
9926,D
1716,D
8572,D
10373,D
3834,D
11285,D
7491,D
5665,D
786,D
12105,D
6521,D
9937,D
2985,D
10308,D
1306,D
7426,D
681,D
10705,D
2664,D
3754,D
6700,D
2253,D
10038,D
7784,D
4526,D
5501,D
1405,D
1083,D
12770,D
9901,D
10453,D
5778,D
2257,D
4162,D
3706,D
5348,D
3504,D
1831,D
7320,D
9962,D
5401,D
11838,D
5349,D
8885,D
8104,D
3631,D
7076,D
1878,D
12048,D
2216,D
2938,D
4615,D
10956,D
11606,D
12745,D
10114,D
12014,D
12398,D
2714,D
1671,D
6231,D
2878,D
10605,D
9799,D
6561,D
4528,D
3167,D
9151,D
8577,D
12839,D
523,D
4998,D
4463,D
6013,D
1146,D
6144,D
8052,D
8946,D
1006,D
11113,D
3402,D
10685,D
6440,D
1636,D
12412,D
323,D
3238,D
9932,D
4193,D
6480,D
140,D
9657,D
6381,D
5345,D
1009,D
6876,D
3403,D
6372,D
1981,D
4077,D
11159,D
1513,D
9659,D
6580,D
6449,D
2558,D
12574,D
12028,D
4820,D
9255,D
2966,D
11698,D
5770,D
1826,D
2935,D
6398,D
4415,D
5512,D
4646,D
10396,D
3248,D
9005,D
1432,D
801,D
12962,D
9765,D
8125,D
752,D
6462,D
6344,D
3927,D
10768,D
4511,D
4288,D
4711,D
5067,D
9495,D
13088,D
11990,D
3675,D
12964,D
965,D
12658,D
994,D
2777,D
9208,D
8757,D
4197,D
12990,D
7171,D
249,D
11420,D
10593,D
6070,D
12916,D
1745,D
3339,D
7640,D
40,D
13386,D
3176,D
13000,D
10460,D
811,D
11726,D
4923,D
827,D
12540,D
6394,D
3321,D
5013,D
1968,D
6088,D
9096,D
3960,D
6504,D
6673,D
10117,D
8770,D
11452,D
6576,D
11679,D
12643,D
11469,D
8892,D
6051,D
46,D
11153,D
6960,D
8437,D
55,D
10999,D
11587,D
4156,D
1487,D
11146,D
10374,D
1056,D
11075,D
12550,D
5358,D
13262,D
7549,D
7418,D
8480,D
5424,D
4172,D
12748,D
3113,D
12121,D
1077,D
6758,D
8915,D
9597,D
4905,D
10076,D
9664,D
6418,D
2334,D
4981,D
2540,D
12404,D
3232,D
12487,D
5597,D
8975,D
6187,D
2327,D
8257,D
5898,D
5640,D
6875,D
7447,D
7449,D
8313,D
1911,D
3588,D
13238,D
8207,D
12049,D
11239,D
5510,D
8327,D
8342,D
9188,D
4645,D
42,D
10215,D
260,D
10400,D
12292,D
1250,D
10832,D
2651,D
13285,D
1887,D
7698,D
10490,D
2161,D
4456,D
11279,D
12759,D
629,D
10721,D
7420,D
1781,D
13287,D
8367,D
12783,D
4657,D
12352,D
11876,D
1861,D
665,D
5683,D
8685,D
918,D
12151,D
6482,D
12724,D
8722,D
11957,D
11111,D
12490,D
11627,D
5667,D
11431,D
9064,D
8919,D
10680,D
6378,D
8173,D
11129,D
4968,D
5332,D
1597,D
7642,D
8186,D
5294,D
9971,D
3954,D
8925,D
12270,D
10096,D
13289,D
10970,D
1825,D
4299,D
11321,D
7224,D
4199,D
1557,D
636,D
401,D
11466,D
10744,D
10126,D
4904,D
8423,D
11924,D
10820,D
13036,D
2310,D
2021,D
5864,D
10535,D
3348,D
5305,D
2769,D
13356,D
3863,D
13082,D
5990,D
6063,D
3673,D
8686,D
2039,D
12984,D
11274,D
3294,D
13387,D
10769,D
11096,D
12593,D
1143,D
1327,D
11571,D
3469,D
9179,D
8805,D
3704,D
4874,D
2862,D
6487,D
8658,D
1834,D
11223,D
11900,D
9063,D
568,D
9543,D
1126,D
11228,D
3481,D
12257,D
7081,D
5605,D
2983,D
6912,D
4462,D
13268,D
5511,D
5483,D
938,D
8495,D
9875,D
9437,D
330,D
3160,D
7628,D
12911,D
9536,D
11715,D
9379,D
13210,D
287,D
7500,D
3613,D
2326,D
8499,D
4228,D
4074,D
10256,D
3183,D
1695,D
1994,D
3013,D
10471,D
11251,D
9955,D
4728,D
9024,D
1259,D
12273,D
1103,D
13038,D
1505,D
10866,D
7218,D
2343,D
2133,D
9948,D
6310,D
8389,D
6475,D
5776,D
8942,D
1095,D
11139,D
10807,D
10974,D
5243,D
5099,D
757,D
443,D
10746,D
2988,D
6633,D
5611,D
10718,D
13089,D
8195,D
4501,D
5434,D
5438,D
2533,D
5909,D
7484,D
2959,D
7102,D
10650,D
2007,D
4554,D
8660,D
12614,D
1228,D
2559,D
11326,D
2717,D
11721,D
8287,D
11318,D
8684,D
127,D
8344,D
8402,D
5866,D
3100,D
1984,D
837,D
6732,D
11359,D
343,D
12881,D
7888,D
4128,D
7389,D
9337,D
12579,D
6208,D
10018,D
6438,D
11999,D
1314,D
4139,D
12034,D
5432,D
3710,D
9527,D
4622,D
12145,D
7790,D
8654,D
2173,D
6295,D
8046,D
3165,D
9758,D
13390,D
9324,D
10192,D
438,D
7296,D
8311,D
11947,D
13117,D
9329,D
12645,D
9826,D
11611,D
12301,D
2416,D
9920,D
5630,D
3652,D
4870,D
4155,D
474,D
7732,D
6883,D
988,D
2045,D
6390,D
7987,D
9649,D
8969,D
11447,D
286,D
6118,D
4901,D
3211,D
12337,D
9835,D
71,D
2051,D
10794,D
8010,D
12234,D
1198,D
2272,D
9278,D
246,D
9512,D
5341,D
9883,D
5310,D
5192,D
1097,D
11967,D
6889,D
9286,D
7593,D
773,D
13348,D
11033,D
7585,D
6443,D
5967,D
11668,D
10609,D
6207,D
12650,D
10625,D
6321,D
12066,D
2805,D
742,D
6841,D
4472,D
452,D
2065,D
981,D
7995,D
7211,D
3168,D
12339,D
11061,D
8077,D
7130,D
8236,D
10047,D
11826,D
5824,D
6416,D
27,D
9181,D
11095,D
7223,D
1499,D
11483,D
9950,D
1659,D
6355,D
5487,D
374,D
4869,D
263,D
10478,D
81,D
11621,D
10139,D
1710,D
10182,D
12931,D
13361,D
2924,D
6080,D
5642,D
7123,D
4054,D
5814,D
5023,D
910,D
1288,D
906,D
8886,D
1462,D
12050,D
10167,D
440,D
2918,D
11056,D
8791,D
13061,D
12726,D
9913,D
6697,D
10177,D
645,D
12994,D
9322,D
6632,D
1616,D
163,D
11265,D
2172,D
8015,D
7880,D
8198,D
7947,D
10065,D
9178,D
2974,D
9253,D
8376,D
6043,D
8288,D
4333,D
6434,D
2187,D
4428,D
11391,D
1402,D
10121,D
7443,D
4576,D
4763,D
12893,D
12595,D
8450,D
12372,D
10952,D
4699,D
1017,D
5831,D
4670,D
4407,D
6910,D
8243,D
8126,D
10029,D
8467,D
4802,D
3361,D
8361,D
12298,D
13123,D
13270,D
1411,D
10961,D
3712,D
4534,D
8536,D
12887,D
1771,D
1571,D
11701,D
12327,D
9592,D
5221,D
1534,D
